Dataset,Model,Without,With,Gain
Facebook,KNN,0.9950,0.9950,+0.0000
Facebook,LR,0.9950,0.9950,+0.0000
Facebook,RF,0.9950,0.9950,+0.0000
Facebook,NN,0.9950,1.0000,+0.0050
Facebook,SVM,0.5900,0.6900,+0.1000
Dolphins,KNN,0.7344,0.7500,+0.0156
Dolphins,LR,0.7344,0.7500,+0.0156
Dolphins,RF,0.8125,0.8750,+0.0625
Dolphins,NN,0.7188,0.6875,-0.0312
Dolphins,SVM,0.7500,0.7500,+0.0000
Football,KNN,0.6250,0.5000,-0.1250
Football,LR,0.5833,0.5833,+0.0000
Football,RF,0.6458,0.5625,-0.0833
Football,NN,0.5625,0.6250,+0.0625
Football,SVM,0.6458,0.6667,+0.0208
Power,KNN,0.7200,0.9900,+0.2700
Power,LR,0.6900,1.0000,+0.3100
Power,RF,0.7550,1.0000,+0.2450
Power,NN,0.7400,1.0000,+0.2600
Power,SVM,0.7200,0.9900,+0.2700
