CN,AA,PA,JA,RA,Salton,HD,HP,LHN,Sorensen,Our_measure
0,0.0,962,0.0,0.0,0.0,0.0,0.0,0.0,0.0,0.002066115702479339
0,0.0,481,0.0,0.0,0.0,0.0,0.0,0.0,0.0,0.002070393374741201
0,0.0,1,0.0,0.0,0.0,0.0,0.0,0.0,0.0,0.0
1,0.16192057831950055,1,1.0,0.002079002079002079,1.0,1.0,1.0,1.0,1.0,0.3333333333333333
0,0.0,710,0.0,0.0,0.0,0.0,0.0,0.0,0.0,0.0014044943820224719
1,0.15048702938590383,1,1.0,0.0013003901170351106,1.0,1.0,1.0,1.0,1.0,0.3333333333333333
0,0.0,710,0.0,0.0,0.0,0.0,0.0,0.0,0.0,0.0014044943820224719
1,0.15048702938590383,1,1.0,0.0013003901170351106,1.0,1.0,1.0,1.0,1.0,0.3333333333333333
0,0.0,2,0.0,0.0,0.0,0.0,0.0,0.0,0.0,0.0
0,0.0,481,0.0,0.0,0.0,0.0,0.0,0.0,0.0,0.002070393374741201
0,0.0,287,0.0,0.0,0.0,0.0,0.0,0.0,0.0,0.0034602076124567475
0,0.0,1,0.0,0.0,0.0,0.0,0.0,0.0,0.0,0.0
0,0.0,1,0.0,0.0,0.0,0.0,0.0,0.0,0.0,0.0
0,0.0,710,0.0,0.0,0.0,0.0,0.0,0.0,0.0,0.0014044943820224719
1,0.15048702938590383,1,1.0,0.0013003901170351106,1.0,1.0,1.0,1.0,1.0,0.3333333333333333
0,0.0,481,0.0,0.0,0.0,0.0,0.0,0.0,0.0,0.002070393374741201
0,0.0,287,0.0,0.0,0.0,0.0,0.0,0.0,0.0,0.0034602076124567475
0,0.0,710,0.0,0.0,0.0,0.0,0.0,0.0,0.0,0.0014044943820224719
0,0.0,1,0.0,0.0,0.0,0.0,0.0,0.0,0.0,0.0
0,0.0,1,0.0,0.0,0.0,0.0,0.0,0.0,0.0,0.3333333333333333
0,0.0,1,0.0,0.0,0.0,0.0,0.0,0.0,0.0,0.0
0,0.0,481,0.0,0.0,0.0,0.0,0.0,0.0,0.0,0.002070393374741201
0,0.0,481,0.0,0.0,0.0,0.0,0.0,0.0,0.0,0.002070393374741201
0,0.0,481,0.0,0.0,0.0,0.0,0.0,0.0,0.0,0.002070393374741201
0,0.0,1,0.0,0.0,0.0,0.0,0.0,0.0,0.0,0.0
1,0.15231677694108572,1,1.0,0.0014084507042253522,1.0,1.0,1.0,1.0,1.0,0.3333333333333333
0,0.0,710,0.0,0.0,0.0,0.0,0.0,0.0,0.0,0.0014044943820224719
0,0.0,287,0.0,0.0,0.0,0.0,0.0,0.0,0.0,0.0034602076124567475
0,0.0,1,0.0,0.0,0.0,0.0,0.0,0.0,0.0,0.0
0,0.0,1,0.0,0.0,0.0,0.0,0.0,0.0,0.0,0.0
0,0.0,1,0.0,0.0,0.0,0.0,0.0,0.0,0.0,0.0
0,0.0,1,0.0,0.0,0.0,0.0,0.0,0.0,0.0,0.0
0,0.0,1,0.0,0.0,0.0,0.0,0.0,0.0,0.0,0.0
0,0.0,481,0.0,0.0,0.0,0.0,0.0,0.0,0.0,0.002070393374741201
0,0.0,1,0.0,0.0,0.0,0.0,0.0,0.0,0.0,0.0
1,0.15231677694108572,1,1.0,0.0014084507042253522,1.0,1.0,1.0,1.0,1.0,0.3333333333333333
0,0.0,481,0.0,0.0,0.0,0.0,0.0,0.0,0.0,0.002070393374741201
0,0.0,287,0.0,0.0,0.0,0.0,0.0,0.0,0.0,0.0034602076124567475
0,0.0,710,0.0,0.0,0.0,0.0,0.0,0.0,0.0,0.0014044943820224719
0,0.0,2,0.0,0.0,0.0,0.0,0.0,0.0,0.0,0.0
0,0.0,287,0.0,0.0,0.0,0.0,0.0,0.0,0.0,0.0034602076124567475
1,0.15048702938590383,1,1.0,0.0013003901170351106,1.0,1.0,1.0,1.0,1.0,0.3333333333333333
0,0.0,1,0.0,0.0,0.0,0.0,0.0,0.0,0.0,0.0
0,0.0,1,0.0,0.0,0.0,0.0,0.0,0.0,0.0,0.0
0,0.0,1,0.0,0.0,0.0,0.0,0.0,0.0,0.0,0.0
0,0.0,2,0.0,0.0,0.0,0.0,0.0,0.0,0.0,0.0
0,0.0,1,0.0,0.0,0.0,0.0,0.0,0.0,0.0,0.3333333333333333
0,0.0,1,0.0,0.0,0.0,0.0,0.0,0.0,0.0,0.0
0,0.0,1,0.0,0.0,0.0,0.0,0.0,0.0,0.0,0.0
0,0.0,481,0.0,0.0,0.0,0.0,0.0,0.0,0.0,0.002070393374741201
0,0.0,287,0.0,0.0,0.0,0.0,0.0,0.0,0.0,0.0034602076124567475
0,0.0,481,0.0,0.0,0.0,0.0,0.0,0.0,0.0,0.002070393374741201
0,0.0,481,0.0,0.0,0.0,0.0,0.0,0.0,0.0,0.002070393374741201
0,0.0,1,0.0,0.0,0.0,0.0,0.0,0.0,0.0,0.0
0,0.0,1,0.0,0.0,0.0,0.0,0.0,0.0,0.0,0.3333333333333333
0,0.0,1,0.0,0.0,0.0,0.0,0.0,0.0,0.0,0.0
0,0.0,287,0.0,0.0,0.0,0.0,0.0,0.0,0.0,0.0034602076124567475
0,0.0,1,0.0,0.0,0.0,0.0,0.0,0.0,0.0,0.3333333333333333
0,0.0,1,0.0,0.0,0.0,0.0,0.0,0.0,0.0,0.0
1,0.16192057831950055,1,1.0,0.002079002079002079,1.0,1.0,1.0,1.0,1.0,0.3333333333333333
0,0.0,287,0.0,0.0,0.0,0.0,0.0,0.0,0.0,0.0034602076124567475
0,0.0,481,0.0,0.0,0.0,0.0,0.0,0.0,0.0,0.002070393374741201
0,0.0,287,0.0,0.0,0.0,0.0,0.0,0.0,0.0,0.0034602076124567475
0,0.0,710,0.0,0.0,0.0,0.0,0.0,0.0,0.0,0.0014044943820224719
0,0.0,481,0.0,0.0,0.0,0.0,0.0,0.0,0.0,0.002070393374741201
0,0.0,1,0.0,0.0,0.0,0.0,0.0,0.0,0.0,0.0
0,0.0,1,0.0,0.0,0.0,0.0,0.0,0.0,0.0,0.3333333333333333
0,0.0,1,0.0,0.0,0.0,0.0,0.0,0.0,0.0,0.0
0,0.0,710,0.0,0.0,0.0,0.0,0.0,0.0,0.0,0.0014044943820224719
0,0.0,710,0.0,0.0,0.0,0.0,0.0,0.0,0.0,0.0014044943820224719
0,0.0,710,0.0,0.0,0.0,0.0,0.0,0.0,0.0,0.0014044943820224719
0,0.0,1,0.0,0.0,0.0,0.0,0.0,0.0,0.0,0.3333333333333333
0,0.0,481,0.0,0.0,0.0,0.0,0.0,0.0,0.0,0.002070393374741201
0,0.0,1,0.0,0.0,0.0,0.0,0.0,0.0,0.0,0.3333333333333333
0,0.0,710,0.0,0.0,0.0,0.0,0.0,0.0,0.0,0.0014044943820224719
0,0.0,170,0.0,0.0,0.0,0.0,0.0,0.0,0.0,0.0
0,0.0,1,0.0,0.0,0.0,0.0,0.0,0.0,0.0,0.0
1,0.18524821412271236,2,0.5,0.004524886877828055,0.7071067811865475,1.0,0.5,0.5,0.6666666666666666,0.5
0,0.0,287,0.0,0.0,0.0,0.0,0.0,0.0,0.0,0.0034602076124567475
0,0.0,1,0.0,0.0,0.0,0.0,0.0,0.0,0.0,0.0
0,0.0,1,0.0,0.0,0.0,0.0,0.0,0.0,0.0,0.0
0,0.0,481,0.0,0.0,0.0,0.0,0.0,0.0,0.0,0.002070393374741201
0,0.0,481,0.0,0.0,0.0,0.0,0.0,0.0,0.0,0.002070393374741201
0,0.0,1,0.0,0.0,0.0,0.0,0.0,0.0,0.0,0.0
0,0.0,287,0.0,0.0,0.0,0.0,0.0,0.0,0.0,0.0034602076124567475
0,0.0,1,0.0,0.0,0.0,0.0,0.0,0.0,0.0,0.0
0,0.0,481,0.0,0.0,0.0,0.0,0.0,0.0,0.0,0.002070393374741201
0,0.0,1,0.0,0.0,0.0,0.0,0.0,0.0,0.0,0.0
0,0.0,2840,0.0,0.0,0.0,0.0,0.0,0.0,0.0,0.006993006993006993
0,0.0,481,0.0,0.0,0.0,0.0,0.0,0.0,0.0,0.002070393374741201
0,0.0,710,0.0,0.0,0.0,0.0,0.0,0.0,0.0,0.0014044943820224719
0,0.0,1,0.0,0.0,0.0,0.0,0.0,0.0,0.0,0.0
0,0.0,1,0.0,0.0,0.0,0.0,0.0,0.0,0.0,0.0
1,0.15231677694108572,1,1.0,0.0014084507042253522,1.0,1.0,1.0,1.0,1.0,0.3333333333333333
0,0.0,1,0.0,0.0,0.0,0.0,0.0,0.0,0.0,0.0
0,0.0,1,0.0,0.0,0.0,0.0,0.0,0.0,0.0,0.0
0,0.0,1,0.0,0.0,0.0,0.0,0.0,0.0,0.0,0.0
0,0.0,1,0.0,0.0,0.0,0.0,0.0,0.0,0.0,0.0
0,0.0,1,0.0,0.0,0.0,0.0,0.0,0.0,0.0,0.0
0,0.0,1,0.0,0.0,0.0,0.0,0.0,0.0,0.0,0.3333333333333333
0,0.0,710,0.0,0.0,0.0,0.0,0.0,0.0,0.0,0.0014044943820224719
0,0.0,1,0.0,0.0,0.0,0.0,0.0,0.0,0.0,0.0
0,0.0,287,0.0,0.0,0.0,0.0,0.0,0.0,0.0,0.0034602076124567475
0,0.0,481,0.0,0.0,0.0,0.0,0.0,0.0,0.0,0.002070393374741201
1,0.15048702938590383,1,1.0,0.0013003901170351106,1.0,1.0,1.0,1.0,1.0,0.3333333333333333
1,0.17669460948483234,2,0.5,0.003484320557491289,0.7071067811865475,1.0,0.5,0.5,0.6666666666666666,0.25
0,0.0,1,0.0,0.0,0.0,0.0,0.0,0.0,0.0,0.0
0,0.0,287,0.0,0.0,0.0,0.0,0.0,0.0,0.0,0.0034602076124567475
1,0.16192057831950055,1,1.0,0.002079002079002079,1.0,1.0,1.0,1.0,1.0,0.3333333333333333
0,0.0,287,0.0,0.0,0.0,0.0,0.0,0.0,0.0,0.0034602076124567475
0,0.0,1,0.0,0.0,0.0,0.0,0.0,0.0,0.0,0.0
1,0.20265584813122056,962,0.002074688796680498,0.007194244604316547,0.03224129401095805,0.5,0.002079002079002079,0.0010395010395010396,0.004140786749482402,0.01652892561983471
0,0.0,1,0.0,0.0,0.0,0.0,0.0,0.0,0.0,0.0
0,0.0,1,0.0,0.0,0.0,0.0,0.0,0.0,0.0,0.0
0,0.0,287,0.0,0.0,0.0,0.0,0.0,0.0,0.0,0.0034602076124567475
0,0.0,1,0.0,0.0,0.0,0.0,0.0,0.0,0.0,0.0
0,0.0,287,0.0,0.0,0.0,0.0,0.0,0.0,0.0,0.0034602076124567475
0,0.0,481,0.0,0.0,0.0,0.0,0.0,0.0,0.0,0.002070393374741201
0,0.0,481,0.0,0.0,0.0,0.0,0.0,0.0,0.0,0.002070393374741201
0,0.0,481,0.0,0.0,0.0,0.0,0.0,0.0,0.0,0.002070393374741201
0,0.0,481,0.0,0.0,0.0,0.0,0.0,0.0,0.0,0.002070393374741201
0,0.0,481,0.0,0.0,0.0,0.0,0.0,0.0,0.0,0.002070393374741201
0,0.0,481,0.0,0.0,0.0,0.0,0.0,0.0,0.0,0.002070393374741201
0,0.0,481,0.0,0.0,0.0,0.0,0.0,0.0,0.0,0.002070393374741201
0,0.0,481,0.0,0.0,0.0,0.0,0.0,0.0,0.0,0.002070393374741201
1,0.15231677694108572,1,1.0,0.0014084507042253522,1.0,1.0,1.0,1.0,1.0,0.3333333333333333
0,0.0,1,0.0,0.0,0.0,0.0,0.0,0.0,0.0,0.0
0,0.0,1,0.0,0.0,0.0,0.0,0.0,0.0,0.0,0.0
0,0.0,1,0.0,0.0,0.0,0.0,0.0,0.0,0.0,0.0
0,0.0,1,0.0,0.0,0.0,0.0,0.0,0.0,0.0,0.0
1,0.17669460948483234,1,1.0,0.003484320557491289,1.0,1.0,1.0,1.0,1.0,0.3333333333333333
1,0.15048702938590383,1,1.0,0.0013003901170351106,1.0,1.0,1.0,1.0,1.0,0.3333333333333333
0,0.0,481,0.0,0.0,0.0,0.0,0.0,0.0,0.0,0.002070393374741201
0,0.0,287,0.0,0.0,0.0,0.0,0.0,0.0,0.0,0.0034602076124567475
0,0.0,710,0.0,0.0,0.0,0.0,0.0,0.0,0.0,0.0014044943820224719
0,0.0,1,0.0,0.0,0.0,0.0,0.0,0.0,0.0,0.0
1,0.15231677694108572,1,1.0,0.0014084507042253522,1.0,1.0,1.0,1.0,1.0,0.3333333333333333
0,0.0,1,0.0,0.0,0.0,0.0,0.0,0.0,0.0,0.0
0,0.0,481,0.0,0.0,0.0,0.0,0.0,0.0,0.0,0.002070393374741201
0,0.0,481,0.0,0.0,0.0,0.0,0.0,0.0,0.0,0.002070393374741201
1,0.15231677694108572,1,1.0,0.0014084507042253522,1.0,1.0,1.0,1.0,1.0,0.3333333333333333
1,0.15231677694108572,1,1.0,0.0014084507042253522,1.0,1.0,1.0,1.0,1.0,0.3333333333333333
1,0.16192057831950055,1,1.0,0.002079002079002079,1.0,1.0,1.0,1.0,1.0,0.3333333333333333
0,0.0,481,0.0,0.0,0.0,0.0,0.0,0.0,0.0,0.002070393374741201
0,0.0,1,0.0,0.0,0.0,0.0,0.0,0.0,0.0,0.0
0,0.0,287,0.0,0.0,0.0,0.0,0.0,0.0,0.0,0.0034602076124567475
0,0.0,710,0.0,0.0,0.0,0.0,0.0,0.0,0.0,0.0014044943820224719
1,0.15231677694108572,1,1.0,0.0014084507042253522,1.0,1.0,1.0,1.0,1.0,0.3333333333333333
0,0.0,481,0.0,0.0,0.0,0.0,0.0,0.0,0.0,0.002070393374741201
1,0.18524821412271236,4,0.3333333333333333,0.004524886877828055,0.5,0.5,0.5,0.25,0.5,0.8
0,0.0,287,0.0,0.0,0.0,0.0,0.0,0.0,0.0,0.0034602076124567475
0,0.0,287,0.0,0.0,0.0,0.0,0.0,0.0,0.0,0.0034602076124567475
0,0.0,1,0.0,0.0,0.0,0.0,0.0,0.0,0.0,0.0
0,0.0,1,0.0,0.0,0.0,0.0,0.0,0.0,0.0,0.0
0,0.0,710,0.0,0.0,0.0,0.0,0.0,0.0,0.0,0.0014044943820224719
0,0.0,481,0.0,0.0,0.0,0.0,0.0,0.0,0.0,0.002070393374741201
0,0.0,1,0.0,0.0,0.0,0.0,0.0,0.0,0.0,0.3333333333333333
0,0.0,1,0.0,0.0,0.0,0.0,0.0,0.0,0.0,0.3333333333333333
0,0.0,481,0.0,0.0,0.0,0.0,0.0,0.0,0.0,0.002070393374741201
0,0.0,1,0.0,0.0,0.0,0.0,0.0,0.0,0.0,0.0
0,0.0,287,0.0,0.0,0.0,0.0,0.0,0.0,0.0,0.0034602076124567475
0,0.0,1,0.0,0.0,0.0,0.0,0.0,0.0,0.0,0.0
0,0.0,1,0.0,0.0,0.0,0.0,0.0,0.0,0.0,0.0
0,0.0,287,0.0,0.0,0.0,0.0,0.0,0.0,0.0,0.0034602076124567475
0,0.0,481,0.0,0.0,0.0,0.0,0.0,0.0,0.0,0.002070393374741201
0,0.0,481,0.0,0.0,0.0,0.0,0.0,0.0,0.0,0.002070393374741201
0,0.0,1,0.0,0.0,0.0,0.0,0.0,0.0,0.0,0.0
0,0.0,1,0.0,0.0,0.0,0.0,0.0,0.0,0.0,0.0
0,0.0,481,0.0,0.0,0.0,0.0,0.0,0.0,0.0,0.002070393374741201
0,0.0,1,0.0,0.0,0.0,0.0,0.0,0.0,0.0,0.0
0,0.0,481,0.0,0.0,0.0,0.0,0.0,0.0,0.0,0.002070393374741201
0,0.0,287,0.0,0.0,0.0,0.0,0.0,0.0,0.0,0.0034602076124567475
0,0.0,481,0.0,0.0,0.0,0.0,0.0,0.0,0.0,0.002070393374741201
0,0.0,287,0.0,0.0,0.0,0.0,0.0,0.0,0.0,0.0034602076124567475
0,0.0,481,0.0,0.0,0.0,0.0,0.0,0.0,0.0,0.002070393374741201
0,0.0,481,0.0,0.0,0.0,0.0,0.0,0.0,0.0,0.002070393374741201
0,0.0,481,0.0,0.0,0.0,0.0,0.0,0.0,0.0,0.002070393374741201
0,0.0,1,0.0,0.0,0.0,0.0,0.0,0.0,0.0,0.3333333333333333
0,0.0,1,0.0,0.0,0.0,0.0,0.0,0.0,0.0,0.3333333333333333
0,0.0,481,0.0,0.0,0.0,0.0,0.0,0.0,0.0,0.002070393374741201
0,0.0,287,0.0,0.0,0.0,0.0,0.0,0.0,0.0,0.0034602076124567475
0,0.0,287,0.0,0.0,0.0,0.0,0.0,0.0,0.0,0.0034602076124567475
0,0.0,1,0.0,0.0,0.0,0.0,0.0,0.0,0.0,0.0
0,0.0,287,0.0,0.0,0.0,0.0,0.0,0.0,0.0,0.0034602076124567475
0,0.0,287,0.0,0.0,0.0,0.0,0.0,0.0,0.0,0.0034602076124567475
0,0.0,1,0.0,0.0,0.0,0.0,0.0,0.0,0.0,0.0
0,0.0,710,0.0,0.0,0.0,0.0,0.0,0.0,0.0,0.0014044943820224719
1,0.15048702938590383,1,1.0,0.0013003901170351106,1.0,1.0,1.0,1.0,1.0,0.3333333333333333
0,0.0,287,0.0,0.0,0.0,0.0,0.0,0.0,0.0,0.0034602076124567475
0,0.0,481,0.0,0.0,0.0,0.0,0.0,0.0,0.0,0.002070393374741201
0,0.0,481,0.0,0.0,0.0,0.0,0.0,0.0,0.0,0.002070393374741201
1,0.15048702938590383,1,1.0,0.0013003901170351106,1.0,1.0,1.0,1.0,1.0,0.3333333333333333
0,0.0,1,0.0,0.0,0.0,0.0,0.0,0.0,0.0,0.0
0,0.0,1,0.0,0.0,0.0,0.0,0.0,0.0,0.0,0.0
1,0.15231677694108572,1,1.0,0.0014084507042253522,1.0,1.0,1.0,1.0,1.0,0.3333333333333333
1,0.15048702938590383,1,1.0,0.0013003901170351106,1.0,1.0,1.0,1.0,1.0,0.3333333333333333
1,0.16192057831950055,1,1.0,0.002079002079002079,1.0,1.0,1.0,1.0,1.0,0.3333333333333333
0,0.0,2,0.0,0.0,0.0,0.0,0.0,0.0,0.0,0.0
0,0.0,1,0.0,0.0,0.0,0.0,0.0,0.0,0.0,0.0
1,0.15231677694108572,1,1.0,0.0014084507042253522,1.0,1.0,1.0,1.0,1.0,0.3333333333333333
0,0.0,1,0.0,0.0,0.0,0.0,0.0,0.0,0.0,0.3333333333333333
1,0.16192057831950055,1,1.0,0.002079002079002079,1.0,1.0,1.0,1.0,1.0,0.3333333333333333
0,0.0,481,0.0,0.0,0.0,0.0,0.0,0.0,0.0,0.002070393374741201
0,0.0,1,0.0,0.0,0.0,0.0,0.0,0.0,0.0,0.0
0,0.0,1,0.0,0.0,0.0,0.0,0.0,0.0,0.0,0.0
0,0.0,481,0.0,0.0,0.0,0.0,0.0,0.0,0.0,0.002070393374741201
0,0.0,287,0.0,0.0,0.0,0.0,0.0,0.0,0.0,0.0034602076124567475
0,0.0,1,0.0,0.0,0.0,0.0,0.0,0.0,0.0,0.0
0,0.0,1,0.0,0.0,0.0,0.0,0.0,0.0,0.0,0.0
0,0.0,481,0.0,0.0,0.0,0.0,0.0,0.0,0.0,0.002070393374741201
0,0.0,287,0.0,0.0,0.0,0.0,0.0,0.0,0.0,0.0034602076124567475
0,0.0,1,0.0,0.0,0.0,0.0,0.0,0.0,0.0,0.0
0,0.0,1,0.0,0.0,0.0,0.0,0.0,0.0,0.0,0.0
0,0.0,287,0.0,0.0,0.0,0.0,0.0,0.0,0.0,0.0034602076124567475
0,0.0,710,0.0,0.0,0.0,0.0,0.0,0.0,0.0,0.0014044943820224719
1,0.15231677694108572,1,1.0,0.0014084507042253522,1.0,1.0,1.0,1.0,1.0,0.3333333333333333
0,0.0,1,0.0,0.0,0.0,0.0,0.0,0.0,0.0,0.0
1,0.18524821412271236,1,1.0,0.004524886877828055,1.0,1.0,1.0,1.0,1.0,0.3333333333333333
0,0.0,1,0.0,0.0,0.0,0.0,0.0,0.0,0.0,0.0
0,0.0,481,0.0,0.0,0.0,0.0,0.0,0.0,0.0,0.002070393374741201
0,0.0,1,0.0,0.0,0.0,0.0,0.0,0.0,0.0,0.0
0,0.0,1,0.0,0.0,0.0,0.0,0.0,0.0,0.0,0.0
0,0.0,481,0.0,0.0,0.0,0.0,0.0,0.0,0.0,0.002070393374741201
0,0.0,1,0.0,0.0,0.0,0.0,0.0,0.0,0.0,0.0
1,0.15048702938590383,1,1.0,0.0013003901170351106,1.0,1.0,1.0,1.0,1.0,0.3333333333333333
0,0.0,710,0.0,0.0,0.0,0.0,0.0,0.0,0.0,0.0014044943820224719
0,0.0,1,0.0,0.0,0.0,0.0,0.0,0.0,0.0,0.3333333333333333
0,0.0,481,0.0,0.0,0.0,0.0,0.0,0.0,0.0,0.002070393374741201
0,0.0,481,0.0,0.0,0.0,0.0,0.0,0.0,0.0,0.002070393374741201
1,0.15231677694108572,1,1.0,0.0014084507042253522,1.0,1.0,1.0,1.0,1.0,0.3333333333333333
0,0.0,710,0.0,0.0,0.0,0.0,0.0,0.0,0.0,0.0014044943820224719
0,0.0,1,0.0,0.0,0.0,0.0,0.0,0.0,0.0,0.0
0,0.0,481,0.0,0.0,0.0,0.0,0.0,0.0,0.0,0.002070393374741201
1,0.15231677694108572,1,1.0,0.0014084507042253522,1.0,1.0,1.0,1.0,1.0,0.3333333333333333
0,0.0,1,0.0,0.0,0.0,0.0,0.0,0.0,0.0,0.0
0,0.0,710,0.0,0.0,0.0,0.0,0.0,0.0,0.0,0.0014044943820224719
0,0.0,1,0.0,0.0,0.0,0.0,0.0,0.0,0.0,0.3333333333333333
0,0.0,287,0.0,0.0,0.0,0.0,0.0,0.0,0.0,0.0034602076124567475
0,0.0,1,0.0,0.0,0.0,0.0,0.0,0.0,0.0,0.0
1,0.15231677694108572,1,1.0,0.0014084507042253522,1.0,1.0,1.0,1.0,1.0,0.3333333333333333
0,0.0,287,0.0,0.0,0.0,0.0,0.0,0.0,0.0,0.0034602076124567475
0,0.0,1,0.0,0.0,0.0,0.0,0.0,0.0,0.0,0.3333333333333333
0,0.0,710,0.0,0.0,0.0,0.0,0.0,0.0,0.0,0.0014044943820224719
0,0.0,481,0.0,0.0,0.0,0.0,0.0,0.0,0.0,0.002070393374741201
0,0.0,1,0.0,0.0,0.0,0.0,0.0,0.0,0.0,0.0
0,0.0,287,0.0,0.0,0.0,0.0,0.0,0.0,0.0,0.0034602076124567475
0,0.0,1,0.0,0.0,0.0,0.0,0.0,0.0,0.0,0.0
0,0.0,1,0.0,0.0,0.0,0.0,0.0,0.0,0.0,0.0
0,0.0,710,0.0,0.0,0.0,0.0,0.0,0.0,0.0,0.0014044943820224719
0,0.0,1,0.0,0.0,0.0,0.0,0.0,0.0,0.0,0.0
0,0.0,1,0.0,0.0,0.0,0.0,0.0,0.0,0.0,0.0
1,0.17669460948483234,1,1.0,0.003484320557491289,1.0,1.0,1.0,1.0,1.0,0.3333333333333333
0,0.0,481,0.0,0.0,0.0,0.0,0.0,0.0,0.0,0.002070393374741201
0,0.0,287,0.0,0.0,0.0,0.0,0.0,0.0,0.0,0.0034602076124567475
0,0.0,1,0.0,0.0,0.0,0.0,0.0,0.0,0.0,0.0
0,0.0,1,0.0,0.0,0.0,0.0,0.0,0.0,0.0,0.0
0,0.0,287,0.0,0.0,0.0,0.0,0.0,0.0,0.0,0.0034602076124567475
0,0.0,1,0.0,0.0,0.0,0.0,0.0,0.0,0.0,0.3333333333333333
0,0.0,1,0.0,0.0,0.0,0.0,0.0,0.0,0.0,0.3333333333333333
0,0.0,287,0.0,0.0,0.0,0.0,0.0,0.0,0.0,0.0034602076124567475
0,0.0,710,0.0,0.0,0.0,0.0,0.0,0.0,0.0,0.0014044943820224719
0,0.0,1,0.0,0.0,0.0,0.0,0.0,0.0,0.0,0.0
0,0.0,1,0.0,0.0,0.0,0.0,0.0,0.0,0.0,0.0
0,0.0,481,0.0,0.0,0.0,0.0,0.0,0.0,0.0,0.002070393374741201
1,0.18524821412271236,962,0.002074688796680498,0.004524886877828055,0.03224129401095805,0.5,0.002079002079002079,0.0010395010395010396,0.004140786749482402,0.022727272727272728
0,0.0,1,0.0,0.0,0.0,0.0,0.0,0.0,0.0,0.0
0,0.0,481,0.0,0.0,0.0,0.0,0.0,0.0,0.0,0.002070393374741201
1,0.15048702938590383,1,1.0,0.0013003901170351106,1.0,1.0,1.0,1.0,1.0,0.3333333333333333
0,0.0,1,0.0,0.0,0.0,0.0,0.0,0.0,0.0,0.0
0,0.0,710,0.0,0.0,0.0,0.0,0.0,0.0,0.0,0.0014044943820224719
0,0.0,481,0.0,0.0,0.0,0.0,0.0,0.0,0.0,0.002070393374741201
0,0.0,287,0.0,0.0,0.0,0.0,0.0,0.0,0.0,0.0034602076124567475
0,0.0,481,0.0,0.0,0.0,0.0,0.0,0.0,0.0,0.002070393374741201
0,0.0,1,0.0,0.0,0.0,0.0,0.0,0.0,0.0,0.0
0,0.0,1,0.0,0.0,0.0,0.0,0.0,0.0,0.0,0.3333333333333333
0,0.0,1,0.0,0.0,0.0,0.0,0.0,0.0,0.0,0.3333333333333333
0,0.0,1,0.0,0.0,0.0,0.0,0.0,0.0,0.0,0.0
0,0.0,1,0.0,0.0,0.0,0.0,0.0,0.0,0.0,0.0
0,0.0,481,0.0,0.0,0.0,0.0,0.0,0.0,0.0,0.002070393374741201
0,0.0,287,0.0,0.0,0.0,0.0,0.0,0.0,0.0,0.0034602076124567475
0,0.0,710,0.0,0.0,0.0,0.0,0.0,0.0,0.0,0.0014044943820224719
0,0.0,710,0.0,0.0,0.0,0.0,0.0,0.0,0.0,0.0014044943820224719
0,0.0,481,0.0,0.0,0.0,0.0,0.0,0.0,0.0,0.002070393374741201
0,0.0,1420,0.0,0.0,0.0,0.0,0.0,0.0,0.0,0.002805049088359046
0,0.0,1,0.0,0.0,0.0,0.0,0.0,0.0,0.0,0.0
0,0.0,1,0.0,0.0,0.0,0.0,0.0,0.0,0.0,0.0
0,0.0,1,0.0,0.0,0.0,0.0,0.0,0.0,0.0,0.3333333333333333
0,0.0,287,0.0,0.0,0.0,0.0,0.0,0.0,0.0,0.0034602076124567475
0,0.0,287,0.0,0.0,0.0,0.0,0.0,0.0,0.0,0.0034602076124567475
0,0.0,287,0.0,0.0,0.0,0.0,0.0,0.0,0.0,0.0034602076124567475
0,0.0,481,0.0,0.0,0.0,0.0,0.0,0.0,0.0,0.002070393374741201
1,0.17669460948483234,1,1.0,0.003484320557491289,1.0,1.0,1.0,1.0,1.0,0.3333333333333333
0,0.0,481,0.0,0.0,0.0,0.0,0.0,0.0,0.0,0.002070393374741201
0,0.0,1,0.0,0.0,0.0,0.0,0.0,0.0,0.0,0.0
1,0.19471169132843705,1,1.0,0.0058823529411764705,1.0,1.0,1.0,1.0,1.0,0.3333333333333333
0,0.0,1,0.0,0.0,0.0,0.0,0.0,0.0,0.0,0.0
0,0.0,481,0.0,0.0,0.0,0.0,0.0,0.0,0.0,0.002070393374741201
0,0.0,710,0.0,0.0,0.0,0.0,0.0,0.0,0.0,0.0014044943820224719
0,0.0,1,0.0,0.0,0.0,0.0,0.0,0.0,0.0,0.3333333333333333
0,0.0,710,0.0,0.0,0.0,0.0,0.0,0.0,0.0,0.0014044943820224719
0,0.0,481,0.0,0.0,0.0,0.0,0.0,0.0,0.0,0.002070393374741201
0,0.0,287,0.0,0.0,0.0,0.0,0.0,0.0,0.0,0.0034602076124567475
0,0.0,1,0.0,0.0,0.0,0.0,0.0,0.0,0.0,0.3333333333333333
0,0.0,1,0.0,0.0,0.0,0.0,0.0,0.0,0.0,0.0
0,0.0,481,0.0,0.0,0.0,0.0,0.0,0.0,0.0,0.002070393374741201
0,0.0,481,0.0,0.0,0.0,0.0,0.0,0.0,0.0,0.002070393374741201
0,0.0,710,0.0,0.0,0.0,0.0,0.0,0.0,0.0,0.0014044943820224719
0,0.0,1,0.0,0.0,0.0,0.0,0.0,0.0,0.0,0.3333333333333333
0,0.0,481,0.0,0.0,0.0,0.0,0.0,0.0,0.0,0.002070393374741201
1,0.19471169132843705,2,0.5,0.0058823529411764705,0.7071067811865475,1.0,0.5,0.5,0.6666666666666666,0.5
0,0.0,1,0.0,0.0,0.0,0.0,0.0,0.0,0.0,0.0
0,0.0,287,0.0,0.0,0.0,0.0,0.0,0.0,0.0,0.0034602076124567475
0,0.0,1,0.0,0.0,0.0,0.0,0.0,0.0,0.0,0.3333333333333333
0,0.0,2,0.0,0.0,0.0,0.0,0.0,0.0,0.0,0.5
0,0.0,287,0.0,0.0,0.0,0.0,0.0,0.0,0.0,0.0034602076124567475
0,0.0,710,0.0,0.0,0.0,0.0,0.0,0.0,0.0,0.0014044943820224719
0,0.0,1,0.0,0.0,0.0,0.0,0.0,0.0,0.0,0.0
0,0.0,481,0.0,0.0,0.0,0.0,0.0,0.0,0.0,0.002070393374741201
0,0.0,1,0.0,0.0,0.0,0.0,0.0,0.0,0.0,0.0
0,0.0,481,0.0,0.0,0.0,0.0,0.0,0.0,0.0,0.002070393374741201
0,0.0,2,0.0,0.0,0.0,0.0,0.0,0.0,0.0,0.25
1,0.15048702938590383,1,1.0,0.0013003901170351106,1.0,1.0,1.0,1.0,1.0,0.3333333333333333
0,0.0,1,0.0,0.0,0.0,0.0,0.0,0.0,0.0,0.0
0,0.0,481,0.0,0.0,0.0,0.0,0.0,0.0,0.0,0.002070393374741201
1,0.15231677694108572,1,1.0,0.0014084507042253522,1.0,1.0,1.0,1.0,1.0,0.3333333333333333
0,0.0,1,0.0,0.0,0.0,0.0,0.0,0.0,0.0,0.0
0,0.0,1,0.0,0.0,0.0,0.0,0.0,0.0,0.0,0.0
1,0.15048702938590383,1,1.0,0.0013003901170351106,1.0,1.0,1.0,1.0,1.0,0.3333333333333333
0,0.0,287,0.0,0.0,0.0,0.0,0.0,0.0,0.0,0.0034602076124567475
0,0.0,287,0.0,0.0,0.0,0.0,0.0,0.0,0.0,0.0034602076124567475
0,0.0,710,0.0,0.0,0.0,0.0,0.0,0.0,0.0,0.0014044943820224719
0,0.0,710,0.0,0.0,0.0,0.0,0.0,0.0,0.0,0.0014044943820224719
0,0.0,481,0.0,0.0,0.0,0.0,0.0,0.0,0.0,0.002070393374741201
0,0.0,1,0.0,0.0,0.0,0.0,0.0,0.0,0.0,0.0
0,0.0,287,0.0,0.0,0.0,0.0,0.0,0.0,0.0,0.0034602076124567475
0,0.0,2,0.0,0.0,0.0,0.0,0.0,0.0,0.0,0.0
1,0.15048702938590383,1,1.0,0.0013003901170351106,1.0,1.0,1.0,1.0,1.0,0.3333333333333333
0,0.0,481,0.0,0.0,0.0,0.0,0.0,0.0,0.0,0.002070393374741201
0,0.0,1,0.0,0.0,0.0,0.0,0.0,0.0,0.0,0.0
0,0.0,1,0.0,0.0,0.0,0.0,0.0,0.0,0.0,0.0
0,0.0,710,0.0,0.0,0.0,0.0,0.0,0.0,0.0,0.0014044943820224719
0,0.0,287,0.0,0.0,0.0,0.0,0.0,0.0,0.0,0.0034602076124567475
0,0.0,481,0.0,0.0,0.0,0.0,0.0,0.0,0.0,0.002070393374741201
0,0.0,287,0.0,0.0,0.0,0.0,0.0,0.0,0.0,0.0034602076124567475
0,0.0,1,0.0,0.0,0.0,0.0,0.0,0.0,0.0,0.0
0,0.0,1,0.0,0.0,0.0,0.0,0.0,0.0,0.0,0.0
0,0.0,1,0.0,0.0,0.0,0.0,0.0,0.0,0.0,0.3333333333333333
0,0.0,1,0.0,0.0,0.0,0.0,0.0,0.0,0.0,0.0
0,0.0,710,0.0,0.0,0.0,0.0,0.0,0.0,0.0,0.0014044943820224719
0,0.0,710,0.0,0.0,0.0,0.0,0.0,0.0,0.0,0.0014044943820224719
0,0.0,1,0.0,0.0,0.0,0.0,0.0,0.0,0.0,0.0
0,0.0,1,0.0,0.0,0.0,0.0,0.0,0.0,0.0,0.0
0,0.0,1,0.0,0.0,0.0,0.0,0.0,0.0,0.0,0.0
0,0.0,1,0.0,0.0,0.0,0.0,0.0,0.0,0.0,0.0
0,0.0,1,0.0,0.0,0.0,0.0,0.0,0.0,0.0,0.0
0,0.0,481,0.0,0.0,0.0,0.0,0.0,0.0,0.0,0.002070393374741201
0,0.0,1,0.0,0.0,0.0,0.0,0.0,0.0,0.0,0.0
0,0.0,287,0.0,0.0,0.0,0.0,0.0,0.0,0.0,0.0034602076124567475
0,0.0,1,0.0,0.0,0.0,0.0,0.0,0.0,0.0,0.0
0,0.0,287,0.0,0.0,0.0,0.0,0.0,0.0,0.0,0.0034602076124567475
1,0.16192057831950055,1,1.0,0.002079002079002079,1.0,1.0,1.0,1.0,1.0,0.3333333333333333
0,0.0,710,0.0,0.0,0.0,0.0,0.0,0.0,0.0,0.0014044943820224719
0,0.0,710,0.0,0.0,0.0,0.0,0.0,0.0,0.0,0.0014044943820224719
0,0.0,287,0.0,0.0,0.0,0.0,0.0,0.0,0.0,0.0034602076124567475
0,0.0,481,0.0,0.0,0.0,0.0,0.0,0.0,0.0,0.002070393374741201
0,0.0,710,0.0,0.0,0.0,0.0,0.0,0.0,0.0,0.0014044943820224719
0,0.0,710,0.0,0.0,0.0,0.0,0.0,0.0,0.0,0.0014044943820224719
0,0.0,287,0.0,0.0,0.0,0.0,0.0,0.0,0.0,0.0034602076124567475
0,0.0,287,0.0,0.0,0.0,0.0,0.0,0.0,0.0,0.0034602076124567475
1,0.15048702938590383,1,1.0,0.0013003901170351106,1.0,1.0,1.0,1.0,1.0,0.3333333333333333
0,0.0,574,0.0,0.0,0.0,0.0,0.0,0.0,0.0,0.010344827586206896
1,0.15048702938590383,1,1.0,0.0013003901170351106,1.0,1.0,1.0,1.0,1.0,0.3333333333333333
0,0.0,710,0.0,0.0,0.0,0.0,0.0,0.0,0.0,0.0014044943820224719
0,0.0,710,0.0,0.0,0.0,0.0,0.0,0.0,0.0,0.0014044943820224719
0,0.0,481,0.0,0.0,0.0,0.0,0.0,0.0,0.0,0.002070393374741201
0,0.0,1,0.0,0.0,0.0,0.0,0.0,0.0,0.0,0.0
0,0.0,481,0.0,0.0,0.0,0.0,0.0,0.0,0.0,0.002070393374741201
0,0.0,710,0.0,0.0,0.0,0.0,0.0,0.0,0.0,0.0014044943820224719
0,0.0,1,0.0,0.0,0.0,0.0,0.0,0.0,0.0,0.0
1,0.15048702938590383,1,1.0,0.0013003901170351106,1.0,1.0,1.0,1.0,1.0,0.3333333333333333
0,0.0,2,0.0,0.0,0.0,0.0,0.0,0.0,0.0,0.25
0,0.0,1,0.0,0.0,0.0,0.0,0.0,0.0,0.0,0.0
0,0.0,481,0.0,0.0,0.0,0.0,0.0,0.0,0.0,0.002070393374741201
0,0.0,481,0.0,0.0,0.0,0.0,0.0,0.0,0.0,0.002070393374741201
0,0.0,1,0.0,0.0,0.0,0.0,0.0,0.0,0.0,0.0
0,0.0,481,0.0,0.0,0.0,0.0,0.0,0.0,0.0,0.002070393374741201
1,0.15048702938590383,962,0.002074688796680498,0.0013003901170351106,0.03224129401095805,0.5,0.002079002079002079,0.0010395010395010396,0.004140786749482402,0.022727272727272728
0,0.0,710,0.0,0.0,0.0,0.0,0.0,0.0,0.0,0.0014044943820224719
0,0.0,1,0.0,0.0,0.0,0.0,0.0,0.0,0.0,0.0
0,0.0,1,0.0,0.0,0.0,0.0,0.0,0.0,0.0,0.0
0,0.0,1,0.0,0.0,0.0,0.0,0.0,0.0,0.0,0.3333333333333333
0,0.0,1,0.0,0.0,0.0,0.0,0.0,0.0,0.0,0.0
0,0.0,1,0.0,0.0,0.0,0.0,0.0,0.0,0.0,0.3333333333333333
0,0.0,1,0.0,0.0,0.0,0.0,0.0,0.0,0.0,0.0
0,0.0,710,0.0,0.0,0.0,0.0,0.0,0.0,0.0,0.0014044943820224719
0,0.0,481,0.0,0.0,0.0,0.0,0.0,0.0,0.0,0.002070393374741201
0,0.0,1,0.0,0.0,0.0,0.0,0.0,0.0,0.0,0.0
0,0.0,1,0.0,0.0,0.0,0.0,0.0,0.0,0.0,0.3333333333333333
0,0.0,1,0.0,0.0,0.0,0.0,0.0,0.0,0.0,0.0
0,0.0,1,0.0,0.0,0.0,0.0,0.0,0.0,0.0,0.0
0,0.0,1,0.0,0.0,0.0,0.0,0.0,0.0,0.0,0.0
0,0.0,1,0.0,0.0,0.0,0.0,0.0,0.0,0.0,0.0
0,0.0,1,0.0,0.0,0.0,0.0,0.0,0.0,0.0,0.0
0,0.0,287,0.0,0.0,0.0,0.0,0.0,0.0,0.0,0.0034602076124567475
0,0.0,710,0.0,0.0,0.0,0.0,0.0,0.0,0.0,0.0014044943820224719
2,0.3879040622539329,1924,0.004140786749482402,0.011719131482144603,0.04559607525875532,0.5,0.004158004158004158,0.0010395010395010396,0.008247422680412371,0.0411522633744856
1,0.16192057831950055,1,1.0,0.002079002079002079,1.0,1.0,1.0,1.0,1.0,0.3333333333333333
0,0.0,1,0.0,0.0,0.0,0.0,0.0,0.0,0.0,0.0
0,0.0,287,0.0,0.0,0.0,0.0,0.0,0.0,0.0,0.0034602076124567475
0,0.0,481,0.0,0.0,0.0,0.0,0.0,0.0,0.0,0.002070393374741201
0,0.0,481,0.0,0.0,0.0,0.0,0.0,0.0,0.0,0.002070393374741201
1,0.15231677694108572,1,1.0,0.0014084507042253522,1.0,1.0,1.0,1.0,1.0,0.3333333333333333
0,0.0,1,0.0,0.0,0.0,0.0,0.0,0.0,0.0,0.0
0,0.0,1,0.0,0.0,0.0,0.0,0.0,0.0,0.0,0.3333333333333333
0,0.0,710,0.0,0.0,0.0,0.0,0.0,0.0,0.0,0.0014044943820224719
0,0.0,1,0.0,0.0,0.0,0.0,0.0,0.0,0.0,0.0
0,0.0,1,0.0,0.0,0.0,0.0,0.0,0.0,0.0,0.0
0,0.0,287,0.0,0.0,0.0,0.0,0.0,0.0,0.0,0.0034602076124567475
0,0.0,710,0.0,0.0,0.0,0.0,0.0,0.0,0.0,0.0014044943820224719
0,0.0,1,0.0,0.0,0.0,0.0,0.0,0.0,0.0,0.3333333333333333
0,0.0,1,0.0,0.0,0.0,0.0,0.0,0.0,0.0,0.0
1,0.16192057831950055,1,1.0,0.002079002079002079,1.0,1.0,1.0,1.0,1.0,0.3333333333333333
0,0.0,1,0.0,0.0,0.0,0.0,0.0,0.0,0.0,0.0
0,0.0,710,0.0,0.0,0.0,0.0,0.0,0.0,0.0,0.0014044943820224719
0,0.0,1,0.0,0.0,0.0,0.0,0.0,0.0,0.0,0.0
0,0.0,1,0.0,0.0,0.0,0.0,0.0,0.0,0.0,0.0
1,0.15231677694108572,1,1.0,0.0014084507042253522,1.0,1.0,1.0,1.0,1.0,0.3333333333333333
0,0.0,481,0.0,0.0,0.0,0.0,0.0,0.0,0.0,0.002070393374741201
0,0.0,1,0.0,0.0,0.0,0.0,0.0,0.0,0.0,0.0
0,0.0,1,0.0,0.0,0.0,0.0,0.0,0.0,0.0,0.0
0,0.0,287,0.0,0.0,0.0,0.0,0.0,0.0,0.0,0.0034602076124567475
0,0.0,1,0.0,0.0,0.0,0.0,0.0,0.0,0.0,0.0
0,0.0,1,0.0,0.0,0.0,0.0,0.0,0.0,0.0,0.3333333333333333
0,0.0,481,0.0,0.0,0.0,0.0,0.0,0.0,0.0,0.002070393374741201
0,0.0,1,0.0,0.0,0.0,0.0,0.0,0.0,0.0,0.3333333333333333
1,0.15231677694108572,1,1.0,0.0014084507042253522,1.0,1.0,1.0,1.0,1.0,0.3333333333333333
0,0.0,287,0.0,0.0,0.0,0.0,0.0,0.0,0.0,0.0034602076124567475
1,0.15231677694108572,1,1.0,0.0014084507042253522,1.0,1.0,1.0,1.0,1.0,0.3333333333333333
0,0.0,1,0.0,0.0,0.0,0.0,0.0,0.0,0.0,0.0
0,0.0,287,0.0,0.0,0.0,0.0,0.0,0.0,0.0,0.0034602076124567475
0,0.0,710,0.0,0.0,0.0,0.0,0.0,0.0,0.0,0.0014044943820224719
0,0.0,1,0.0,0.0,0.0,0.0,0.0,0.0,0.0,0.3333333333333333
0,0.0,481,0.0,0.0,0.0,0.0,0.0,0.0,0.0,0.002070393374741201
0,0.0,481,0.0,0.0,0.0,0.0,0.0,0.0,0.0,0.002070393374741201
0,0.0,2,0.0,0.0,0.0,0.0,0.0,0.0,0.0,0.0
0,0.0,287,0.0,0.0,0.0,0.0,0.0,0.0,0.0,0.0034602076124567475
0,0.0,481,0.0,0.0,0.0,0.0,0.0,0.0,0.0,0.002070393374741201
0,0.0,1,0.0,0.0,0.0,0.0,0.0,0.0,0.0,0.0
0,0.0,1,0.0,0.0,0.0,0.0,0.0,0.0,0.0,0.0
0,0.0,1,0.0,0.0,0.0,0.0,0.0,0.0,0.0,0.0
1,0.15048702938590383,1,1.0,0.0013003901170351106,1.0,1.0,1.0,1.0,1.0,0.3333333333333333
0,0.0,1,0.0,0.0,0.0,0.0,0.0,0.0,0.0,0.0
0,0.0,1,0.0,0.0,0.0,0.0,0.0,0.0,0.0,0.0
0,0.0,481,0.0,0.0,0.0,0.0,0.0,0.0,0.0,0.002070393374741201
1,0.16192057831950055,1,1.0,0.002079002079002079,1.0,1.0,1.0,1.0,1.0,0.3333333333333333
0,0.0,1,0.0,0.0,0.0,0.0,0.0,0.0,0.0,0.0
0,0.0,1,0.0,0.0,0.0,0.0,0.0,0.0,0.0,0.0
0,0.0,287,0.0,0.0,0.0,0.0,0.0,0.0,0.0,0.0034602076124567475
1,0.15048702938590383,1,1.0,0.0013003901170351106,1.0,1.0,1.0,1.0,1.0,0.3333333333333333
0,0.0,1,0.0,0.0,0.0,0.0,0.0,0.0,0.0,0.0
1,0.17669460948483234,1,1.0,0.003484320557491289,1.0,1.0,1.0,1.0,1.0,0.3333333333333333
0,0.0,1,0.0,0.0,0.0,0.0,0.0,0.0,0.0,0.3333333333333333
0,0.0,287,0.0,0.0,0.0,0.0,0.0,0.0,0.0,0.0034602076124567475
0,0.0,1,0.0,0.0,0.0,0.0,0.0,0.0,0.0,0.0
0,0.0,1,0.0,0.0,0.0,0.0,0.0,0.0,0.0,0.0
0,0.0,481,0.0,0.0,0.0,0.0,0.0,0.0,0.0,0.002070393374741201
0,0.0,710,0.0,0.0,0.0,0.0,0.0,0.0,0.0,0.0014044943820224719
0,0.0,1,0.0,0.0,0.0,0.0,0.0,0.0,0.0,0.3333333333333333
0,0.0,2,0.0,0.0,0.0,0.0,0.0,0.0,0.0,0.0
0,0.0,287,0.0,0.0,0.0,0.0,0.0,0.0,0.0,0.0034602076124567475
0,0.0,287,0.0,0.0,0.0,0.0,0.0,0.0,0.0,0.0034602076124567475
0,0.0,710,0.0,0.0,0.0,0.0,0.0,0.0,0.0,0.0014044943820224719
0,0.0,710,0.0,0.0,0.0,0.0,0.0,0.0,0.0,0.0014044943820224719
0,0.0,481,0.0,0.0,0.0,0.0,0.0,0.0,0.0,0.002070393374741201
0,0.0,710,0.0,0.0,0.0,0.0,0.0,0.0,0.0,0.0014044943820224719
0,0.0,1,0.0,0.0,0.0,0.0,0.0,0.0,0.0,0.0
2,0.3879040622539329,1443,0.004149377593360996,0.011719131482144603,0.05264981264926564,0.6666666666666666,0.004158004158004158,0.001386001386001386,0.008264462809917356,0.03711340206185567
0,0.0,1,0.0,0.0,0.0,0.0,0.0,0.0,0.0,0.0
1,0.15231677694108572,1,1.0,0.0014084507042253522,1.0,1.0,1.0,1.0,1.0,0.3333333333333333
0,0.0,481,0.0,0.0,0.0,0.0,0.0,0.0,0.0,0.002070393374741201
0,0.0,1,0.0,0.0,0.0,0.0,0.0,0.0,0.0,0.3333333333333333
0,0.0,710,0.0,0.0,0.0,0.0,0.0,0.0,0.0,0.0014044943820224719
0,0.0,1,0.0,0.0,0.0,0.0,0.0,0.0,0.0,0.0
0,0.0,1,0.0,0.0,0.0,0.0,0.0,0.0,0.0,0.0
0,0.0,287,0.0,0.0,0.0,0.0,0.0,0.0,0.0,0.0034602076124567475
0,0.0,287,0.0,0.0,0.0,0.0,0.0,0.0,0.0,0.0034602076124567475
0,0.0,1,0.0,0.0,0.0,0.0,0.0,0.0,0.0,0.0
0,0.0,1,0.0,0.0,0.0,0.0,0.0,0.0,0.0,0.0
1,0.15231677694108572,1,1.0,0.0014084507042253522,1.0,1.0,1.0,1.0,1.0,0.3333333333333333
0,0.0,481,0.0,0.0,0.0,0.0,0.0,0.0,0.0,0.002070393374741201
0,0.0,710,0.0,0.0,0.0,0.0,0.0,0.0,0.0,0.0014044943820224719
0,0.0,1,0.0,0.0,0.0,0.0,0.0,0.0,0.0,0.3333333333333333
1,0.15048702938590383,1,1.0,0.0013003901170351106,1.0,1.0,1.0,1.0,1.0,0.3333333333333333
0,0.0,1,0.0,0.0,0.0,0.0,0.0,0.0,0.0,0.0
0,0.0,710,0.0,0.0,0.0,0.0,0.0,0.0,0.0,0.0014044943820224719
0,0.0,1,0.0,0.0,0.0,0.0,0.0,0.0,0.0,0.0
0,0.0,481,0.0,0.0,0.0,0.0,0.0,0.0,0.0,0.002070393374741201
0,0.0,287,0.0,0.0,0.0,0.0,0.0,0.0,0.0,0.0034602076124567475
0,0.0,1,0.0,0.0,0.0,0.0,0.0,0.0,0.0,0.0
0,0.0,287,0.0,0.0,0.0,0.0,0.0,0.0,0.0,0.0034602076124567475
1,0.17669460948483234,1,1.0,0.003484320557491289,1.0,1.0,1.0,1.0,1.0,0.3333333333333333
0,0.0,1,0.0,0.0,0.0,0.0,0.0,0.0,0.0,0.3333333333333333
0,0.0,481,0.0,0.0,0.0,0.0,0.0,0.0,0.0,0.002070393374741201
0,0.0,287,0.0,0.0,0.0,0.0,0.0,0.0,0.0,0.0034602076124567475
0,0.0,1,0.0,0.0,0.0,0.0,0.0,0.0,0.0,0.0
0,0.0,1,0.0,0.0,0.0,0.0,0.0,0.0,0.0,0.3333333333333333
0,0.0,481,0.0,0.0,0.0,0.0,0.0,0.0,0.0,0.002070393374741201
0,0.0,1,0.0,0.0,0.0,0.0,0.0,0.0,0.0,0.0
0,0.0,1,0.0,0.0,0.0,0.0,0.0,0.0,0.0,0.0
0,0.0,1,0.0,0.0,0.0,0.0,0.0,0.0,0.0,0.0
0,0.0,710,0.0,0.0,0.0,0.0,0.0,0.0,0.0,0.0014044943820224719
1,0.15048702938590383,1,1.0,0.0013003901170351106,1.0,1.0,1.0,1.0,1.0,0.3333333333333333
1,0.7213475204444817,138047,0.001303780964797914,0.25,0.0026914512224697797,0.003484320557491289,0.002079002079002079,7.243909682934073e-06,0.0026041666666666665,0.010403120936280884
0,0.0,481,0.0,0.0,0.0,0.0,0.0,0.0,0.0,0.002070393374741201
0,0.0,287,0.0,0.0,0.0,0.0,0.0,0.0,0.0,0.0034602076124567475
0,0.0,1,0.0,0.0,0.0,0.0,0.0,0.0,0.0,0.3333333333333333
0,0.0,287,0.0,0.0,0.0,0.0,0.0,0.0,0.0,0.0034602076124567475
0,0.0,1,0.0,0.0,0.0,0.0,0.0,0.0,0.0,0.3333333333333333
0,0.0,1,0.0,0.0,0.0,0.0,0.0,0.0,0.0,0.0
0,0.0,1,0.0,0.0,0.0,0.0,0.0,0.0,0.0,0.0
0,0.0,481,0.0,0.0,0.0,0.0,0.0,0.0,0.0,0.002070393374741201
0,0.0,1,0.0,0.0,0.0,0.0,0.0,0.0,0.0,0.3333333333333333
0,0.0,481,0.0,0.0,0.0,0.0,0.0,0.0,0.0,0.002070393374741201
1,0.15048702938590383,1,1.0,0.0013003901170351106,1.0,1.0,1.0,1.0,1.0,0.3333333333333333
0,0.0,1,0.0,0.0,0.0,0.0,0.0,0.0,0.0,0.3333333333333333
0,0.0,1,0.0,0.0,0.0,0.0,0.0,0.0,0.0,0.0
0,0.0,1,0.0,0.0,0.0,0.0,0.0,0.0,0.0,0.0
0,0.0,1,0.0,0.0,0.0,0.0,0.0,0.0,0.0,0.0
0,0.0,710,0.0,0.0,0.0,0.0,0.0,0.0,0.0,0.0014044943820224719
0,0.0,287,0.0,0.0,0.0,0.0,0.0,0.0,0.0,0.0034602076124567475
0,0.0,481,0.0,0.0,0.0,0.0,0.0,0.0,0.0,0.002070393374741201
0,0.0,481,0.0,0.0,0.0,0.0,0.0,0.0,0.0,0.002070393374741201
0,0.0,1,0.0,0.0,0.0,0.0,0.0,0.0,0.0,0.0
0,0.0,287,0.0,0.0,0.0,0.0,0.0,0.0,0.0,0.0034602076124567475
0,0.0,1,0.0,0.0,0.0,0.0,0.0,0.0,0.0,0.3333333333333333
10,10.679304546718676,106301,0.014450867052023121,3.6738609112709835,0.030671239339573077,0.04524886877828054,0.02079002079002079,9.407249226253751e-05,0.02849002849002849,0.08819345661450925
0,0.0,481,0.0,0.0,0.0,0.0,0.0,0.0,0.0,0.002070393374741201
0,0.0,481,0.0,0.0,0.0,0.0,0.0,0.0,0.0,0.002070393374741201
0,0.0,287,0.0,0.0,0.0,0.0,0.0,0.0,0.0,0.0034602076124567475
0,0.0,1,0.0,0.0,0.0,0.0,0.0,0.0,0.0,0.0
0,0.0,1,0.0,0.0,0.0,0.0,0.0,0.0,0.0,0.0
0,0.0,481,0.0,0.0,0.0,0.0,0.0,0.0,0.0,0.002070393374741201
0,0.0,1,0.0,0.0,0.0,0.0,0.0,0.0,0.0,0.0
0,0.0,287,0.0,0.0,0.0,0.0,0.0,0.0,0.0,0.0034602076124567475
0,0.0,481,0.0,0.0,0.0,0.0,0.0,0.0,0.0,0.002070393374741201
1,0.16192057831950055,1,1.0,0.002079002079002079,1.0,1.0,1.0,1.0,1.0,0.3333333333333333
0,0.0,1,0.0,0.0,0.0,0.0,0.0,0.0,0.0,0.0
0,0.0,481,0.0,0.0,0.0,0.0,0.0,0.0,0.0,0.002070393374741201
0,0.0,481,0.0,0.0,0.0,0.0,0.0,0.0,0.0,0.002070393374741201
1,0.16192057831950055,3,0.3333333333333333,0.002079002079002079,0.5773502691896258,1.0,0.3333333333333333,0.3333333333333333,0.5,0.6
0,0.0,710,0.0,0.0,0.0,0.0,0.0,0.0,0.0,0.0014044943820224719
0,0.0,481,0.0,0.0,0.0,0.0,0.0,0.0,0.0,0.002070393374741201
0,0.0,1,0.0,0.0,0.0,0.0,0.0,0.0,0.0,0.0
0,0.0,1,0.0,0.0,0.0,0.0,0.0,0.0,0.0,0.0
0,0.0,287,0.0,0.0,0.0,0.0,0.0,0.0,0.0,0.0034602076124567475
0,0.0,710,0.0,0.0,0.0,0.0,0.0,0.0,0.0,0.0014044943820224719
0,0.0,481,0.0,0.0,0.0,0.0,0.0,0.0,0.0,0.002070393374741201
0,0.0,710,0.0,0.0,0.0,0.0,0.0,0.0,0.0,0.0014044943820224719
1,0.15048702938590383,1,1.0,0.0013003901170351106,1.0,1.0,1.0,1.0,1.0,0.3333333333333333
0,0.0,481,0.0,0.0,0.0,0.0,0.0,0.0,0.0,0.002070393374741201
1,0.15048702938590383,1,1.0,0.0013003901170351106,1.0,1.0,1.0,1.0,1.0,0.3333333333333333
0,0.0,287,0.0,0.0,0.0,0.0,0.0,0.0,0.0,0.0034602076124567475
0,0.0,1,0.0,0.0,0.0,0.0,0.0,0.0,0.0,0.0
0,0.0,481,0.0,0.0,0.0,0.0,0.0,0.0,0.0,0.002070393374741201
0,0.0,1,0.0,0.0,0.0,0.0,0.0,0.0,0.0,0.3333333333333333
1,0.15231677694108572,2,0.5,0.0014084507042253522,0.7071067811865475,1.0,0.5,0.5,0.6666666666666666,0.25
0,0.0,481,0.0,0.0,0.0,0.0,0.0,0.0,0.0,0.002070393374741201
0,0.0,1,0.0,0.0,0.0,0.0,0.0,0.0,0.0,0.0
0,0.0,481,0.0,0.0,0.0,0.0,0.0,0.0,0.0,0.002070393374741201
0,0.0,481,0.0,0.0,0.0,0.0,0.0,0.0,0.0,0.002070393374741201
1,0.16192057831950055,1,1.0,0.002079002079002079,1.0,1.0,1.0,1.0,1.0,0.3333333333333333
0,0.0,710,0.0,0.0,0.0,0.0,0.0,0.0,0.0,0.0014044943820224719
0,0.0,481,0.0,0.0,0.0,0.0,0.0,0.0,0.0,0.002070393374741201
0,0.0,710,0.0,0.0,0.0,0.0,0.0,0.0,0.0,0.0014044943820224719
0,0.0,481,0.0,0.0,0.0,0.0,0.0,0.0,0.0,0.002070393374741201
0,0.0,2,0.0,0.0,0.0,0.0,0.0,0.0,0.0,0.0
0,0.0,710,0.0,0.0,0.0,0.0,0.0,0.0,0.0,0.0014044943820224719
0,0.0,1,0.0,0.0,0.0,0.0,0.0,0.0,0.0,0.0
0,0.0,1,0.0,0.0,0.0,0.0,0.0,0.0,0.0,0.0
0,0.0,1,0.0,0.0,0.0,0.0,0.0,0.0,0.0,0.0
0,0.0,481,0.0,0.0,0.0,0.0,0.0,0.0,0.0,0.002070393374741201
0,0.0,287,0.0,0.0,0.0,0.0,0.0,0.0,0.0,0.0034602076124567475
0,0.0,481,0.0,0.0,0.0,0.0,0.0,0.0,0.0,0.002070393374741201
0,0.0,1,0.0,0.0,0.0,0.0,0.0,0.0,0.0,0.0
0,0.0,481,0.0,0.0,0.0,0.0,0.0,0.0,0.0,0.002070393374741201
0,0.0,287,0.0,0.0,0.0,0.0,0.0,0.0,0.0,0.0034602076124567475
0,0.0,2840,0.0,0.0,0.0,0.0,0.0,0.0,0.0,0.006993006993006993
0,0.0,1,0.0,0.0,0.0,0.0,0.0,0.0,0.0,0.0
0,0.0,287,0.0,0.0,0.0,0.0,0.0,0.0,0.0,0.0034602076124567475
0,0.0,1,0.0,0.0,0.0,0.0,0.0,0.0,0.0,0.0
0,0.0,481,0.0,0.0,0.0,0.0,0.0,0.0,0.0,0.002070393374741201
0,0.0,1,0.0,0.0,0.0,0.0,0.0,0.0,0.0,0.0
0,0.0,481,0.0,0.0,0.0,0.0,0.0,0.0,0.0,0.002070393374741201
0,0.0,1,0.0,0.0,0.0,0.0,0.0,0.0,0.0,0.0
0,0.0,1,0.0,0.0,0.0,0.0,0.0,0.0,0.0,0.0
0,0.0,481,0.0,0.0,0.0,0.0,0.0,0.0,0.0,0.002070393374741201
0,0.0,287,0.0,0.0,0.0,0.0,0.0,0.0,0.0,0.0034602076124567475
0,0.0,481,0.0,0.0,0.0,0.0,0.0,0.0,0.0,0.002070393374741201
0,0.0,1,0.0,0.0,0.0,0.0,0.0,0.0,0.0,0.0
0,0.0,1,0.0,0.0,0.0,0.0,0.0,0.0,0.0,0.0
0,0.0,481,0.0,0.0,0.0,0.0,0.0,0.0,0.0,0.002070393374741201
0,0.0,481,0.0,0.0,0.0,0.0,0.0,0.0,0.0,0.002070393374741201
0,0.0,481,0.0,0.0,0.0,0.0,0.0,0.0,0.0,0.002070393374741201
0,0.0,287,0.0,0.0,0.0,0.0,0.0,0.0,0.0,0.0034602076124567475
0,0.0,287,0.0,0.0,0.0,0.0,0.0,0.0,0.0,0.0034602076124567475
0,0.0,1,0.0,0.0,0.0,0.0,0.0,0.0,0.0,0.0
0,0.0,1,0.0,0.0,0.0,0.0,0.0,0.0,0.0,0.3333333333333333
0,0.0,1,0.0,0.0,0.0,0.0,0.0,0.0,0.0,0.0
0,0.0,287,0.0,0.0,0.0,0.0,0.0,0.0,0.0,0.0034602076124567475
1,0.15048702938590383,1,1.0,0.0013003901170351106,1.0,1.0,1.0,1.0,1.0,0.3333333333333333
0,0.0,1,0.0,0.0,0.0,0.0,0.0,0.0,0.0,0.0
0,0.0,287,0.0,0.0,0.0,0.0,0.0,0.0,0.0,0.0034602076124567475
0,0.0,481,0.0,0.0,0.0,0.0,0.0,0.0,0.0,0.002070393374741201
2,0.3879040622539329,1924,0.004140786749482402,0.011719131482144603,0.04559607525875532,0.5,0.004158004158004158,0.0010395010395010396,0.008247422680412371,0.0411522633744856
0,0.0,1,0.0,0.0,0.0,0.0,0.0,0.0,0.0,0.0
0,0.0,1,0.0,0.0,0.0,0.0,0.0,0.0,0.0,0.0
1,0.15231677694108572,1,1.0,0.0014084507042253522,1.0,1.0,1.0,1.0,1.0,0.3333333333333333
0,0.0,287,0.0,0.0,0.0,0.0,0.0,0.0,0.0,0.0034602076124567475
0,0.0,481,0.0,0.0,0.0,0.0,0.0,0.0,0.0,0.002070393374741201
0,0.0,481,0.0,0.0,0.0,0.0,0.0,0.0,0.0,0.002070393374741201
0,0.0,1,0.0,0.0,0.0,0.0,0.0,0.0,0.0,0.0
1,0.15231677694108572,1,1.0,0.0014084507042253522,1.0,1.0,1.0,1.0,1.0,0.3333333333333333
1,0.15048702938590383,1,1.0,0.0013003901170351106,1.0,1.0,1.0,1.0,1.0,0.3333333333333333
0,0.0,481,0.0,0.0,0.0,0.0,0.0,0.0,0.0,0.002070393374741201
0,0.0,481,0.0,0.0,0.0,0.0,0.0,0.0,0.0,0.002070393374741201
0,0.0,1,0.0,0.0,0.0,0.0,0.0,0.0,0.0,0.0
0,0.0,481,0.0,0.0,0.0,0.0,0.0,0.0,0.0,0.002070393374741201
0,0.0,1,0.0,0.0,0.0,0.0,0.0,0.0,0.0,0.0
0,0.0,1,0.0,0.0,0.0,0.0,0.0,0.0,0.0,0.0
0,0.0,1,0.0,0.0,0.0,0.0,0.0,0.0,0.0,0.0
0,0.0,1,0.0,0.0,0.0,0.0,0.0,0.0,0.0,0.0
0,0.0,1,0.0,0.0,0.0,0.0,0.0,0.0,0.0,0.0
0,0.0,1,0.0,0.0,0.0,0.0,0.0,0.0,0.0,0.0
0,0.0,710,0.0,0.0,0.0,0.0,0.0,0.0,0.0,0.0014044943820224719
1,0.18524821412271236,962,0.002074688796680498,0.004524886877828055,0.03224129401095805,0.5,0.002079002079002079,0.0010395010395010396,0.004140786749482402,0.022727272727272728
0,0.0,1,0.0,0.0,0.0,0.0,0.0,0.0,0.0,0.0
0,0.0,1,0.0,0.0,0.0,0.0,0.0,0.0,0.0,0.0
0,0.0,710,0.0,0.0,0.0,0.0,0.0,0.0,0.0,0.0014044943820224719
0,0.0,287,0.0,0.0,0.0,0.0,0.0,0.0,0.0,0.0034602076124567475
0,0.0,481,0.0,0.0,0.0,0.0,0.0,0.0,0.0,0.002070393374741201
1,0.15048702938590383,1,1.0,0.0013003901170351106,1.0,1.0,1.0,1.0,1.0,0.3333333333333333
0,0.0,481,0.0,0.0,0.0,0.0,0.0,0.0,0.0,0.002070393374741201
0,0.0,287,0.0,0.0,0.0,0.0,0.0,0.0,0.0,0.0034602076124567475
0,0.0,1,0.0,0.0,0.0,0.0,0.0,0.0,0.0,0.0
0,0.0,287,0.0,0.0,0.0,0.0,0.0,0.0,0.0,0.0034602076124567475
0,0.0,1,0.0,0.0,0.0,0.0,0.0,0.0,0.0,0.0
0,0.0,287,0.0,0.0,0.0,0.0,0.0,0.0,0.0,0.0034602076124567475
0,0.0,481,0.0,0.0,0.0,0.0,0.0,0.0,0.0,0.002070393374741201
0,0.0,1,0.0,0.0,0.0,0.0,0.0,0.0,0.0,0.0
0,0.0,710,0.0,0.0,0.0,0.0,0.0,0.0,0.0,0.0014044943820224719
0,0.0,481,0.0,0.0,0.0,0.0,0.0,0.0,0.0,0.002070393374741201
0,0.0,481,0.0,0.0,0.0,0.0,0.0,0.0,0.0,0.002070393374741201
0,0.0,1,0.0,0.0,0.0,0.0,0.0,0.0,0.0,0.0
1,0.15231677694108572,1,1.0,0.0014084507042253522,1.0,1.0,1.0,1.0,1.0,0.3333333333333333
0,0.0,1,0.0,0.0,0.0,0.0,0.0,0.0,0.0,0.0
0,0.0,1,0.0,0.0,0.0,0.0,0.0,0.0,0.0,0.0
0,0.0,481,0.0,0.0,0.0,0.0,0.0,0.0,0.0,0.002070393374741201
0,0.0,1,0.0,0.0,0.0,0.0,0.0,0.0,0.0,0.0
0,0.0,287,0.0,0.0,0.0,0.0,0.0,0.0,0.0,0.0034602076124567475
0,0.0,1,0.0,0.0,0.0,0.0,0.0,0.0,0.0,0.0
0,0.0,1,0.0,0.0,0.0,0.0,0.0,0.0,0.0,0.0
0,0.0,710,0.0,0.0,0.0,0.0,0.0,0.0,0.0,0.0014044943820224719
0,0.0,1,0.0,0.0,0.0,0.0,0.0,0.0,0.0,0.0
0,0.0,1,0.0,0.0,0.0,0.0,0.0,0.0,0.0,0.0
0,0.0,710,0.0,0.0,0.0,0.0,0.0,0.0,0.0,0.0014044943820224719
0,0.0,1,0.0,0.0,0.0,0.0,0.0,0.0,0.0,0.0
0,0.0,1,0.0,0.0,0.0,0.0,0.0,0.0,0.0,0.0
0,0.0,1,0.0,0.0,0.0,0.0,0.0,0.0,0.0,0.0
0,0.0,710,0.0,0.0,0.0,0.0,0.0,0.0,0.0,0.0014044943820224719
0,0.0,481,0.0,0.0,0.0,0.0,0.0,0.0,0.0,0.002070393374741201
0,0.0,481,0.0,0.0,0.0,0.0,0.0,0.0,0.0,0.002070393374741201
0,0.0,481,0.0,0.0,0.0,0.0,0.0,0.0,0.0,0.002070393374741201
0,0.0,1,0.0,0.0,0.0,0.0,0.0,0.0,0.0,0.0
0,0.0,1,0.0,0.0,0.0,0.0,0.0,0.0,0.0,0.0
0,0.0,710,0.0,0.0,0.0,0.0,0.0,0.0,0.0,0.0014044943820224719
0,0.0,287,0.0,0.0,0.0,0.0,0.0,0.0,0.0,0.0034602076124567475
0,0.0,481,0.0,0.0,0.0,0.0,0.0,0.0,0.0,0.002070393374741201
0,0.0,1,0.0,0.0,0.0,0.0,0.0,0.0,0.0,0.0
1,0.15048702938590383,1,1.0,0.0013003901170351106,1.0,1.0,1.0,1.0,1.0,0.3333333333333333
0,0.0,481,0.0,0.0,0.0,0.0,0.0,0.0,0.0,0.002070393374741201
1,0.16192057831950055,1,1.0,0.002079002079002079,1.0,1.0,1.0,1.0,1.0,0.3333333333333333
0,0.0,287,0.0,0.0,0.0,0.0,0.0,0.0,0.0,0.0034602076124567475
0,0.0,710,0.0,0.0,0.0,0.0,0.0,0.0,0.0,0.0014044943820224719
0,0.0,710,0.0,0.0,0.0,0.0,0.0,0.0,0.0,0.0014044943820224719
0,0.0,1,0.0,0.0,0.0,0.0,0.0,0.0,0.0,0.3333333333333333
0,0.0,2,0.0,0.0,0.0,0.0,0.0,0.0,0.0,0.25
0,0.0,1,0.0,0.0,0.0,0.0,0.0,0.0,0.0,0.0
0,0.0,1,0.0,0.0,0.0,0.0,0.0,0.0,0.0,0.3333333333333333
0,0.0,1,0.0,0.0,0.0,0.0,0.0,0.0,0.0,0.0
0,0.0,1,0.0,0.0,0.0,0.0,0.0,0.0,0.0,0.3333333333333333
0,0.0,481,0.0,0.0,0.0,0.0,0.0,0.0,0.0,0.002070393374741201
0,0.0,1,0.0,0.0,0.0,0.0,0.0,0.0,0.0,0.3333333333333333
0,0.0,481,0.0,0.0,0.0,0.0,0.0,0.0,0.0,0.002070393374741201
0,0.0,1,0.0,0.0,0.0,0.0,0.0,0.0,0.0,0.0
0,0.0,1,0.0,0.0,0.0,0.0,0.0,0.0,0.0,0.0
0,0.0,710,0.0,0.0,0.0,0.0,0.0,0.0,0.0,0.0014044943820224719
0,0.0,1,0.0,0.0,0.0,0.0,0.0,0.0,0.0,0.0
0,0.0,1,0.0,0.0,0.0,0.0,0.0,0.0,0.0,0.0
1,0.15048702938590383,962,0.002074688796680498,0.0013003901170351106,0.03224129401095805,0.5,0.002079002079002079,0.0010395010395010396,0.004140786749482402,0.022727272727272728
0,0.0,1,0.0,0.0,0.0,0.0,0.0,0.0,0.0,0.0
0,0.0,481,0.0,0.0,0.0,0.0,0.0,0.0,0.0,0.002070393374741201
0,0.0,481,0.0,0.0,0.0,0.0,0.0,0.0,0.0,0.002070393374741201
0,0.0,1,0.0,0.0,0.0,0.0,0.0,0.0,0.0,0.0
0,0.0,710,0.0,0.0,0.0,0.0,0.0,0.0,0.0,0.0014044943820224719
0,0.0,481,0.0,0.0,0.0,0.0,0.0,0.0,0.0,0.002070393374741201
0,0.0,481,0.0,0.0,0.0,0.0,0.0,0.0,0.0,0.002070393374741201
0,0.0,710,0.0,0.0,0.0,0.0,0.0,0.0,0.0,0.0014044943820224719
0,0.0,1,0.0,0.0,0.0,0.0,0.0,0.0,0.0,0.0
0,0.0,710,0.0,0.0,0.0,0.0,0.0,0.0,0.0,0.0014044943820224719
0,0.0,1,0.0,0.0,0.0,0.0,0.0,0.0,0.0,0.0
0,0.0,1,0.0,0.0,0.0,0.0,0.0,0.0,0.0,0.0
0,0.0,1,0.0,0.0,0.0,0.0,0.0,0.0,0.0,0.0
0,0.0,1,0.0,0.0,0.0,0.0,0.0,0.0,0.0,0.3333333333333333
0,0.0,710,0.0,0.0,0.0,0.0,0.0,0.0,0.0,0.0014044943820224719
0,0.0,287,0.0,0.0,0.0,0.0,0.0,0.0,0.0,0.0034602076124567475
0,0.0,481,0.0,0.0,0.0,0.0,0.0,0.0,0.0,0.002070393374741201
0,0.0,481,0.0,0.0,0.0,0.0,0.0,0.0,0.0,0.002070393374741201
0,0.0,1,0.0,0.0,0.0,0.0,0.0,0.0,0.0,0.3333333333333333
0,0.0,1,0.0,0.0,0.0,0.0,0.0,0.0,0.0,0.3333333333333333
0,0.0,1,0.0,0.0,0.0,0.0,0.0,0.0,0.0,0.0
0,0.0,481,0.0,0.0,0.0,0.0,0.0,0.0,0.0,0.002070393374741201
0,0.0,1,0.0,0.0,0.0,0.0,0.0,0.0,0.0,0.0
0,0.0,2,0.0,0.0,0.0,0.0,0.0,0.0,0.0,0.0
0,0.0,2,0.0,0.0,0.0,0.0,0.0,0.0,0.0,0.5
0,0.0,287,0.0,0.0,0.0,0.0,0.0,0.0,0.0,0.0034602076124567475
0,0.0,710,0.0,0.0,0.0,0.0,0.0,0.0,0.0,0.0014044943820224719
0,0.0,481,0.0,0.0,0.0,0.0,0.0,0.0,0.0,0.002070393374741201
0,0.0,287,0.0,0.0,0.0,0.0,0.0,0.0,0.0,0.0034602076124567475
0,0.0,1,0.0,0.0,0.0,0.0,0.0,0.0,0.0,0.0
0,0.0,710,0.0,0.0,0.0,0.0,0.0,0.0,0.0,0.0014044943820224719
0,0.0,481,0.0,0.0,0.0,0.0,0.0,0.0,0.0,0.002070393374741201
0,0.0,481,0.0,0.0,0.0,0.0,0.0,0.0,0.0,0.002070393374741201
0,0.0,1,0.0,0.0,0.0,0.0,0.0,0.0,0.0,0.0
0,0.0,1,0.0,0.0,0.0,0.0,0.0,0.0,0.0,0.0
0,0.0,710,0.0,0.0,0.0,0.0,0.0,0.0,0.0,0.0014044943820224719
0,0.0,1,0.0,0.0,0.0,0.0,0.0,0.0,0.0,0.3333333333333333
0,0.0,1,0.0,0.0,0.0,0.0,0.0,0.0,0.0,0.0
0,0.0,1,0.0,0.0,0.0,0.0,0.0,0.0,0.0,0.0
0,0.0,481,0.0,0.0,0.0,0.0,0.0,0.0,0.0,0.002070393374741201
0,0.0,1,0.0,0.0,0.0,0.0,0.0,0.0,0.0,0.0
0,0.0,1,0.0,0.0,0.0,0.0,0.0,0.0,0.0,0.0
0,0.0,1,0.0,0.0,0.0,0.0,0.0,0.0,0.0,0.0
1,0.15048702938590383,1,1.0,0.0013003901170351106,1.0,1.0,1.0,1.0,1.0,0.3333333333333333
0,0.0,1,0.0,0.0,0.0,0.0,0.0,0.0,0.0,0.0
0,0.0,481,0.0,0.0,0.0,0.0,0.0,0.0,0.0,0.002070393374741201
0,0.0,710,0.0,0.0,0.0,0.0,0.0,0.0,0.0,0.0014044943820224719
0,0.0,1,0.0,0.0,0.0,0.0,0.0,0.0,0.0,0.0
0,0.0,1,0.0,0.0,0.0,0.0,0.0,0.0,0.0,0.0
0,0.0,1,0.0,0.0,0.0,0.0,0.0,0.0,0.0,0.3333333333333333
0,0.0,287,0.0,0.0,0.0,0.0,0.0,0.0,0.0,0.0034602076124567475
0,0.0,1,0.0,0.0,0.0,0.0,0.0,0.0,0.0,0.0
0,0.0,1,0.0,0.0,0.0,0.0,0.0,0.0,0.0,0.0
0,0.0,481,0.0,0.0,0.0,0.0,0.0,0.0,0.0,0.002070393374741201
0,0.0,287,0.0,0.0,0.0,0.0,0.0,0.0,0.0,0.0034602076124567475
0,0.0,481,0.0,0.0,0.0,0.0,0.0,0.0,0.0,0.002070393374741201
0,0.0,481,0.0,0.0,0.0,0.0,0.0,0.0,0.0,0.002070393374741201
0,0.0,287,0.0,0.0,0.0,0.0,0.0,0.0,0.0,0.0034602076124567475
0,0.0,1,0.0,0.0,0.0,0.0,0.0,0.0,0.0,0.0
0,0.0,481,0.0,0.0,0.0,0.0,0.0,0.0,0.0,0.002070393374741201
0,0.0,1,0.0,0.0,0.0,0.0,0.0,0.0,0.0,0.0
0,0.0,481,0.0,0.0,0.0,0.0,0.0,0.0,0.0,0.002070393374741201
1,0.16192057831950055,1,1.0,0.002079002079002079,1.0,1.0,1.0,1.0,1.0,0.3333333333333333
0,0.0,287,0.0,0.0,0.0,0.0,0.0,0.0,0.0,0.0034602076124567475
0,0.0,287,0.0,0.0,0.0,0.0,0.0,0.0,0.0,0.0034602076124567475
0,0.0,481,0.0,0.0,0.0,0.0,0.0,0.0,0.0,0.002070393374741201
1,0.17669460948483234,1,1.0,0.003484320557491289,1.0,1.0,1.0,1.0,1.0,0.3333333333333333
1,0.15231677694108572,1,1.0,0.0014084507042253522,1.0,1.0,1.0,1.0,1.0,0.3333333333333333
0,0.0,1,0.0,0.0,0.0,0.0,0.0,0.0,0.0,0.0
0,0.0,1,0.0,0.0,0.0,0.0,0.0,0.0,0.0,0.0
0,0.0,1,0.0,0.0,0.0,0.0,0.0,0.0,0.0,0.3333333333333333
0,0.0,1,0.0,0.0,0.0,0.0,0.0,0.0,0.0,0.0
0,0.0,481,0.0,0.0,0.0,0.0,0.0,0.0,0.0,0.002070393374741201
0,0.0,287,0.0,0.0,0.0,0.0,0.0,0.0,0.0,0.0034602076124567475
0,0.0,287,0.0,0.0,0.0,0.0,0.0,0.0,0.0,0.0034602076124567475
0,0.0,1,0.0,0.0,0.0,0.0,0.0,0.0,0.0,0.0
0,0.0,1,0.0,0.0,0.0,0.0,0.0,0.0,0.0,0.0
0,0.0,481,0.0,0.0,0.0,0.0,0.0,0.0,0.0,0.002070393374741201
0,0.0,287,0.0,0.0,0.0,0.0,0.0,0.0,0.0,0.0034602076124567475
0,0.0,1,0.0,0.0,0.0,0.0,0.0,0.0,0.0,0.0
0,0.0,1,0.0,0.0,0.0,0.0,0.0,0.0,0.0,0.0
0,0.0,1,0.0,0.0,0.0,0.0,0.0,0.0,0.0,0.0
0,0.0,287,0.0,0.0,0.0,0.0,0.0,0.0,0.0,0.0034602076124567475
0,0.0,287,0.0,0.0,0.0,0.0,0.0,0.0,0.0,0.0034602076124567475
0,0.0,1,0.0,0.0,0.0,0.0,0.0,0.0,0.0,0.0
1,0.16192057831950055,1,1.0,0.002079002079002079,1.0,1.0,1.0,1.0,1.0,0.3333333333333333
0,0.0,1,0.0,0.0,0.0,0.0,0.0,0.0,0.0,0.0
0,0.0,481,0.0,0.0,0.0,0.0,0.0,0.0,0.0,0.002070393374741201
0,0.0,710,0.0,0.0,0.0,0.0,0.0,0.0,0.0,0.0014044943820224719
0,0.0,710,0.0,0.0,0.0,0.0,0.0,0.0,0.0,0.0014044943820224719
0,0.0,710,0.0,0.0,0.0,0.0,0.0,0.0,0.0,0.0014044943820224719
0,0.0,481,0.0,0.0,0.0,0.0,0.0,0.0,0.0,0.002070393374741201
0,0.0,481,0.0,0.0,0.0,0.0,0.0,0.0,0.0,0.002070393374741201
0,0.0,1,0.0,0.0,0.0,0.0,0.0,0.0,0.0,0.0
0,0.0,481,0.0,0.0,0.0,0.0,0.0,0.0,0.0,0.002070393374741201
0,0.0,481,0.0,0.0,0.0,0.0,0.0,0.0,0.0,0.002070393374741201
0,0.0,2,0.0,0.0,0.0,0.0,0.0,0.0,0.0,0.0
0,0.0,481,0.0,0.0,0.0,0.0,0.0,0.0,0.0,0.002070393374741201
0,0.0,1,0.0,0.0,0.0,0.0,0.0,0.0,0.0,0.0
0,0.0,481,0.0,0.0,0.0,0.0,0.0,0.0,0.0,0.002070393374741201
0,0.0,287,0.0,0.0,0.0,0.0,0.0,0.0,0.0,0.0034602076124567475
0,0.0,1,0.0,0.0,0.0,0.0,0.0,0.0,0.0,0.0
0,0.0,1,0.0,0.0,0.0,0.0,0.0,0.0,0.0,0.0
0,0.0,481,0.0,0.0,0.0,0.0,0.0,0.0,0.0,0.002070393374741201
0,0.0,1,0.0,0.0,0.0,0.0,0.0,0.0,0.0,0.0
0,0.0,287,0.0,0.0,0.0,0.0,0.0,0.0,0.0,0.0034602076124567475
0,0.0,1,0.0,0.0,0.0,0.0,0.0,0.0,0.0,0.0
0,0.0,710,0.0,0.0,0.0,0.0,0.0,0.0,0.0,0.0014044943820224719
1,0.15048702938590383,1,1.0,0.0013003901170351106,1.0,1.0,1.0,1.0,1.0,0.3333333333333333
0,0.0,1,0.0,0.0,0.0,0.0,0.0,0.0,0.0,0.0
0,0.0,1,0.0,0.0,0.0,0.0,0.0,0.0,0.0,0.0
0,0.0,1,0.0,0.0,0.0,0.0,0.0,0.0,0.0,0.0
0,0.0,710,0.0,0.0,0.0,0.0,0.0,0.0,0.0,0.0014044943820224719
0,0.0,1,0.0,0.0,0.0,0.0,0.0,0.0,0.0,0.0
0,0.0,1,0.0,0.0,0.0,0.0,0.0,0.0,0.0,0.0
0,0.0,481,0.0,0.0,0.0,0.0,0.0,0.0,0.0,0.002070393374741201
0,0.0,1,0.0,0.0,0.0,0.0,0.0,0.0,0.0,0.0
0,0.0,287,0.0,0.0,0.0,0.0,0.0,0.0,0.0,0.0034602076124567475
0,0.0,287,0.0,0.0,0.0,0.0,0.0,0.0,0.0,0.0034602076124567475
0,0.0,2,0.0,0.0,0.0,0.0,0.0,0.0,0.0,0.0
0,0.0,1,0.0,0.0,0.0,0.0,0.0,0.0,0.0,0.0
0,0.0,287,0.0,0.0,0.0,0.0,0.0,0.0,0.0,0.0034602076124567475
0,0.0,1,0.0,0.0,0.0,0.0,0.0,0.0,0.0,0.3333333333333333
0,0.0,481,0.0,0.0,0.0,0.0,0.0,0.0,0.0,0.002070393374741201
0,0.0,287,0.0,0.0,0.0,0.0,0.0,0.0,0.0,0.0034602076124567475
0,0.0,710,0.0,0.0,0.0,0.0,0.0,0.0,0.0,0.0014044943820224719
0,0.0,481,0.0,0.0,0.0,0.0,0.0,0.0,0.0,0.002070393374741201
0,0.0,710,0.0,0.0,0.0,0.0,0.0,0.0,0.0,0.0014044943820224719
0,0.0,287,0.0,0.0,0.0,0.0,0.0,0.0,0.0,0.0034602076124567475
0,0.0,1,0.0,0.0,0.0,0.0,0.0,0.0,0.0,0.3333333333333333
0,0.0,1,0.0,0.0,0.0,0.0,0.0,0.0,0.0,0.0
0,0.0,1,0.0,0.0,0.0,0.0,0.0,0.0,0.0,0.0
0,0.0,287,0.0,0.0,0.0,0.0,0.0,0.0,0.0,0.0034602076124567475
0,0.0,287,0.0,0.0,0.0,0.0,0.0,0.0,0.0,0.0034602076124567475
1,0.15231677694108572,1,1.0,0.0014084507042253522,1.0,1.0,1.0,1.0,1.0,0.3333333333333333
0,0.0,481,0.0,0.0,0.0,0.0,0.0,0.0,0.0,0.002070393374741201
0,0.0,1,0.0,0.0,0.0,0.0,0.0,0.0,0.0,0.0
0,0.0,1,0.0,0.0,0.0,0.0,0.0,0.0,0.0,0.0
0,0.0,1,0.0,0.0,0.0,0.0,0.0,0.0,0.0,0.0
0,0.0,481,0.0,0.0,0.0,0.0,0.0,0.0,0.0,0.002070393374741201
0,0.0,481,0.0,0.0,0.0,0.0,0.0,0.0,0.0,0.002070393374741201
0,0.0,481,0.0,0.0,0.0,0.0,0.0,0.0,0.0,0.002070393374741201
0,0.0,2,0.0,0.0,0.0,0.0,0.0,0.0,0.0,0.0
0,0.0,481,0.0,0.0,0.0,0.0,0.0,0.0,0.0,0.002070393374741201
0,0.0,1,0.0,0.0,0.0,0.0,0.0,0.0,0.0,0.3333333333333333
0,0.0,287,0.0,0.0,0.0,0.0,0.0,0.0,0.0,0.0034602076124567475
0,0.0,287,0.0,0.0,0.0,0.0,0.0,0.0,0.0,0.0034602076124567475
0,0.0,481,0.0,0.0,0.0,0.0,0.0,0.0,0.0,0.002070393374741201
0,0.0,287,0.0,0.0,0.0,0.0,0.0,0.0,0.0,0.0034602076124567475
0,0.0,1,0.0,0.0,0.0,0.0,0.0,0.0,0.0,0.0
0,0.0,287,0.0,0.0,0.0,0.0,0.0,0.0,0.0,0.0034602076124567475
0,0.0,1,0.0,0.0,0.0,0.0,0.0,0.0,0.0,0.3333333333333333
0,0.0,481,0.0,0.0,0.0,0.0,0.0,0.0,0.0,0.002070393374741201
0,0.0,287,0.0,0.0,0.0,0.0,0.0,0.0,0.0,0.0034602076124567475
0,0.0,481,0.0,0.0,0.0,0.0,0.0,0.0,0.0,0.002070393374741201
0,0.0,481,0.0,0.0,0.0,0.0,0.0,0.0,0.0,0.002070393374741201
0,0.0,1,0.0,0.0,0.0,0.0,0.0,0.0,0.0,0.0
1,0.15048702938590383,1,1.0,0.0013003901170351106,1.0,1.0,1.0,1.0,1.0,0.3333333333333333
0,0.0,481,0.0,0.0,0.0,0.0,0.0,0.0,0.0,0.002070393374741201
1,0.16192057831950055,1,1.0,0.002079002079002079,1.0,1.0,1.0,1.0,1.0,0.3333333333333333
0,0.0,1,0.0,0.0,0.0,0.0,0.0,0.0,0.0,0.0
1,0.15048702938590383,1,1.0,0.0013003901170351106,1.0,1.0,1.0,1.0,1.0,0.3333333333333333
0,0.0,1,0.0,0.0,0.0,0.0,0.0,0.0,0.0,0.0
0,0.0,481,0.0,0.0,0.0,0.0,0.0,0.0,0.0,0.002070393374741201
0,0.0,287,0.0,0.0,0.0,0.0,0.0,0.0,0.0,0.0034602076124567475
0,0.0,481,0.0,0.0,0.0,0.0,0.0,0.0,0.0,0.002070393374741201
0,0.0,1,0.0,0.0,0.0,0.0,0.0,0.0,0.0,0.0
0,0.0,1,0.0,0.0,0.0,0.0,0.0,0.0,0.0,0.3333333333333333
0,0.0,1,0.0,0.0,0.0,0.0,0.0,0.0,0.0,0.0
1,0.15231677694108572,1,1.0,0.0014084507042253522,1.0,1.0,1.0,1.0,1.0,0.3333333333333333
0,0.0,1,0.0,0.0,0.0,0.0,0.0,0.0,0.0,0.0
0,0.0,481,0.0,0.0,0.0,0.0,0.0,0.0,0.0,0.002070393374741201
0,0.0,481,0.0,0.0,0.0,0.0,0.0,0.0,0.0,0.002070393374741201
0,0.0,287,0.0,0.0,0.0,0.0,0.0,0.0,0.0,0.0034602076124567475
0,0.0,1,0.0,0.0,0.0,0.0,0.0,0.0,0.0,0.0
0,0.0,710,0.0,0.0,0.0,0.0,0.0,0.0,0.0,0.0014044943820224719
0,0.0,710,0.0,0.0,0.0,0.0,0.0,0.0,0.0,0.0014044943820224719
1,0.15048702938590383,1,1.0,0.0013003901170351106,1.0,1.0,1.0,1.0,1.0,0.3333333333333333
0,0.0,1,0.0,0.0,0.0,0.0,0.0,0.0,0.0,0.3333333333333333
1,0.17669460948483234,1,1.0,0.003484320557491289,1.0,1.0,1.0,1.0,1.0,0.3333333333333333
0,0.0,481,0.0,0.0,0.0,0.0,0.0,0.0,0.0,0.002070393374741201
0,0.0,287,0.0,0.0,0.0,0.0,0.0,0.0,0.0,0.0034602076124567475
1,0.15048702938590383,962,0.002074688796680498,0.0013003901170351106,0.03224129401095805,0.5,0.002079002079002079,0.0010395010395010396,0.004140786749482402,0.022727272727272728
0,0.0,1,0.0,0.0,0.0,0.0,0.0,0.0,0.0,0.0
0,0.0,1,0.0,0.0,0.0,0.0,0.0,0.0,0.0,0.0
0,0.0,1,0.0,0.0,0.0,0.0,0.0,0.0,0.0,0.3333333333333333
2,0.32718163887073615,1924,0.004140786749482402,0.004784710674526399,0.04559607525875532,0.5,0.004158004158004158,0.0010395010395010396,0.008247422680412371,0.02880658436213992
0,0.0,1,0.0,0.0,0.0,0.0,0.0,0.0,0.0,0.0
0,0.0,710,0.0,0.0,0.0,0.0,0.0,0.0,0.0,0.0014044943820224719
1,0.15048702938590383,1,1.0,0.0013003901170351106,1.0,1.0,1.0,1.0,1.0,0.3333333333333333
0,0.0,1,0.0,0.0,0.0,0.0,0.0,0.0,0.0,0.0
0,0.0,1,0.0,0.0,0.0,0.0,0.0,0.0,0.0,0.0
0,0.0,2,0.0,0.0,0.0,0.0,0.0,0.0,0.0,0.0
0,0.0,1,0.0,0.0,0.0,0.0,0.0,0.0,0.0,0.0
0,0.0,1,0.0,0.0,0.0,0.0,0.0,0.0,0.0,0.0
1,0.15048702938590383,1,1.0,0.0013003901170351106,1.0,1.0,1.0,1.0,1.0,0.3333333333333333
1,0.17669460948483234,1,1.0,0.003484320557491289,1.0,1.0,1.0,1.0,1.0,0.3333333333333333
0,0.0,287,0.0,0.0,0.0,0.0,0.0,0.0,0.0,0.0034602076124567475
1,0.16192057831950055,1,1.0,0.002079002079002079,1.0,1.0,1.0,1.0,1.0,0.3333333333333333
0,0.0,1,0.0,0.0,0.0,0.0,0.0,0.0,0.0,0.3333333333333333
0,0.0,481,0.0,0.0,0.0,0.0,0.0,0.0,0.0,0.002070393374741201
0,0.0,1,0.0,0.0,0.0,0.0,0.0,0.0,0.0,0.0
1,0.17669460948483234,1,1.0,0.003484320557491289,1.0,1.0,1.0,1.0,1.0,0.3333333333333333
0,0.0,2,0.0,0.0,0.0,0.0,0.0,0.0,0.0,0.0
0,0.0,1,0.0,0.0,0.0,0.0,0.0,0.0,0.0,0.3333333333333333
0,0.0,287,0.0,0.0,0.0,0.0,0.0,0.0,0.0,0.0034602076124567475
1,0.15231677694108572,1,1.0,0.0014084507042253522,1.0,1.0,1.0,1.0,1.0,0.3333333333333333
0,0.0,287,0.0,0.0,0.0,0.0,0.0,0.0,0.0,0.0034602076124567475
0,0.0,1,0.0,0.0,0.0,0.0,0.0,0.0,0.0,0.0
0,0.0,1,0.0,0.0,0.0,0.0,0.0,0.0,0.0,0.0
1,0.15231677694108572,1,1.0,0.0014084507042253522,1.0,1.0,1.0,1.0,1.0,0.3333333333333333
0,0.0,1,0.0,0.0,0.0,0.0,0.0,0.0,0.0,0.0
0,0.0,1,0.0,0.0,0.0,0.0,0.0,0.0,0.0,0.0
0,0.0,481,0.0,0.0,0.0,0.0,0.0,0.0,0.0,0.002070393374741201
0,0.0,287,0.0,0.0,0.0,0.0,0.0,0.0,0.0,0.0034602076124567475
0,0.0,481,0.0,0.0,0.0,0.0,0.0,0.0,0.0,0.002070393374741201
0,0.0,481,0.0,0.0,0.0,0.0,0.0,0.0,0.0,0.002070393374741201
0,0.0,1,0.0,0.0,0.0,0.0,0.0,0.0,0.0,0.0
1,0.15048702938590383,1,1.0,0.0013003901170351106,1.0,1.0,1.0,1.0,1.0,0.3333333333333333
0,0.0,287,0.0,0.0,0.0,0.0,0.0,0.0,0.0,0.0034602076124567475
0,0.0,710,0.0,0.0,0.0,0.0,0.0,0.0,0.0,0.0014044943820224719
0,0.0,287,0.0,0.0,0.0,0.0,0.0,0.0,0.0,0.0034602076124567475
0,0.0,1,0.0,0.0,0.0,0.0,0.0,0.0,0.0,0.0
0,0.0,710,0.0,0.0,0.0,0.0,0.0,0.0,0.0,0.0014044943820224719
0,0.0,1,0.0,0.0,0.0,0.0,0.0,0.0,0.0,0.3333333333333333
0,0.0,710,0.0,0.0,0.0,0.0,0.0,0.0,0.0,0.0014044943820224719
0,0.0,287,0.0,0.0,0.0,0.0,0.0,0.0,0.0,0.0034602076124567475
0,0.0,710,0.0,0.0,0.0,0.0,0.0,0.0,0.0,0.0014044943820224719
0,0.0,1,0.0,0.0,0.0,0.0,0.0,0.0,0.0,0.0
0,0.0,481,0.0,0.0,0.0,0.0,0.0,0.0,0.0,0.002070393374741201
0,0.0,710,0.0,0.0,0.0,0.0,0.0,0.0,0.0,0.0014044943820224719
0,0.0,481,0.0,0.0,0.0,0.0,0.0,0.0,0.0,0.002070393374741201
0,0.0,1,0.0,0.0,0.0,0.0,0.0,0.0,0.0,0.0
1,0.16192057831950055,1,1.0,0.002079002079002079,1.0,1.0,1.0,1.0,1.0,0.3333333333333333
0,0.0,1,0.0,0.0,0.0,0.0,0.0,0.0,0.0,0.0
0,0.0,1,0.0,0.0,0.0,0.0,0.0,0.0,0.0,0.0
1,0.15231677694108572,1,1.0,0.0014084507042253522,1.0,1.0,1.0,1.0,1.0,0.3333333333333333
0,0.0,1,0.0,0.0,0.0,0.0,0.0,0.0,0.0,0.0
0,0.0,287,0.0,0.0,0.0,0.0,0.0,0.0,0.0,0.0034602076124567475
1,0.18524821412271236,1,1.0,0.004524886877828055,1.0,1.0,1.0,1.0,1.0,0.3333333333333333
0,0.0,1,0.0,0.0,0.0,0.0,0.0,0.0,0.0,0.3333333333333333
0,0.0,1,0.0,0.0,0.0,0.0,0.0,0.0,0.0,0.0
0,0.0,481,0.0,0.0,0.0,0.0,0.0,0.0,0.0,0.002070393374741201
0,0.0,1,0.0,0.0,0.0,0.0,0.0,0.0,0.0,0.0
0,0.0,1,0.0,0.0,0.0,0.0,0.0,0.0,0.0,0.3333333333333333
0,0.0,1,0.0,0.0,0.0,0.0,0.0,0.0,0.0,0.0
0,0.0,287,0.0,0.0,0.0,0.0,0.0,0.0,0.0,0.0034602076124567475
0,0.0,287,0.0,0.0,0.0,0.0,0.0,0.0,0.0,0.0034602076124567475
0,0.0,287,0.0,0.0,0.0,0.0,0.0,0.0,0.0,0.0034602076124567475
0,0.0,710,0.0,0.0,0.0,0.0,0.0,0.0,0.0,0.0014044943820224719
0,0.0,1,0.0,0.0,0.0,0.0,0.0,0.0,0.0,0.0
0,0.0,481,0.0,0.0,0.0,0.0,0.0,0.0,0.0,0.002070393374741201
1,0.15048702938590383,1,1.0,0.0013003901170351106,1.0,1.0,1.0,1.0,1.0,0.3333333333333333
0,0.0,1,0.0,0.0,0.0,0.0,0.0,0.0,0.0,0.3333333333333333
0,0.0,1,0.0,0.0,0.0,0.0,0.0,0.0,0.0,0.0
1,0.15231677694108572,1,1.0,0.0014084507042253522,1.0,1.0,1.0,1.0,1.0,0.3333333333333333
0,0.0,1,0.0,0.0,0.0,0.0,0.0,0.0,0.0,0.0
0,0.0,1,0.0,0.0,0.0,0.0,0.0,0.0,0.0,0.0
0,0.0,1,0.0,0.0,0.0,0.0,0.0,0.0,0.0,0.0
0,0.0,710,0.0,0.0,0.0,0.0,0.0,0.0,0.0,0.0014044943820224719
0,0.0,481,0.0,0.0,0.0,0.0,0.0,0.0,0.0,0.002070393374741201
0,0.0,1,0.0,0.0,0.0,0.0,0.0,0.0,0.0,0.0
0,0.0,1,0.0,0.0,0.0,0.0,0.0,0.0,0.0,0.0
0,0.0,1,0.0,0.0,0.0,0.0,0.0,0.0,0.0,0.0
0,0.0,710,0.0,0.0,0.0,0.0,0.0,0.0,0.0,0.0014044943820224719
0,0.0,481,0.0,0.0,0.0,0.0,0.0,0.0,0.0,0.002070393374741201
0,0.0,710,0.0,0.0,0.0,0.0,0.0,0.0,0.0,0.0014044943820224719
0,0.0,1,0.0,0.0,0.0,0.0,0.0,0.0,0.0,0.0
0,0.0,481,0.0,0.0,0.0,0.0,0.0,0.0,0.0,0.002070393374741201
0,0.0,1,0.0,0.0,0.0,0.0,0.0,0.0,0.0,0.0
0,0.0,481,0.0,0.0,0.0,0.0,0.0,0.0,0.0,0.002070393374741201
0,0.0,481,0.0,0.0,0.0,0.0,0.0,0.0,0.0,0.002070393374741201
0,0.0,287,0.0,0.0,0.0,0.0,0.0,0.0,0.0,0.0034602076124567475
0,0.0,1,0.0,0.0,0.0,0.0,0.0,0.0,0.0,0.0
0,0.0,710,0.0,0.0,0.0,0.0,0.0,0.0,0.0,0.0014044943820224719
0,0.0,1,0.0,0.0,0.0,0.0,0.0,0.0,0.0,0.0
0,0.0,710,0.0,0.0,0.0,0.0,0.0,0.0,0.0,0.0014044943820224719
0,0.0,287,0.0,0.0,0.0,0.0,0.0,0.0,0.0,0.0034602076124567475
0,0.0,1,0.0,0.0,0.0,0.0,0.0,0.0,0.0,0.3333333333333333
0,0.0,1,0.0,0.0,0.0,0.0,0.0,0.0,0.0,0.0
1,0.15048702938590383,962,0.002074688796680498,0.0013003901170351106,0.03224129401095805,0.5,0.002079002079002079,0.0010395010395010396,0.004140786749482402,0.022727272727272728
1,0.15048702938590383,1,1.0,0.0013003901170351106,1.0,1.0,1.0,1.0,1.0,0.3333333333333333
0,0.0,287,0.0,0.0,0.0,0.0,0.0,0.0,0.0,0.0034602076124567475
0,0.0,1,0.0,0.0,0.0,0.0,0.0,0.0,0.0,0.0
0,0.0,710,0.0,0.0,0.0,0.0,0.0,0.0,0.0,0.0014044943820224719
0,0.0,710,0.0,0.0,0.0,0.0,0.0,0.0,0.0,0.0014044943820224719
0,0.0,481,0.0,0.0,0.0,0.0,0.0,0.0,0.0,0.002070393374741201
0,0.0,710,0.0,0.0,0.0,0.0,0.0,0.0,0.0,0.0014044943820224719
0,0.0,1,0.0,0.0,0.0,0.0,0.0,0.0,0.0,0.0
0,0.0,481,0.0,0.0,0.0,0.0,0.0,0.0,0.0,0.002070393374741201
0,0.0,287,0.0,0.0,0.0,0.0,0.0,0.0,0.0,0.0034602076124567475
0,0.0,481,0.0,0.0,0.0,0.0,0.0,0.0,0.0,0.002070393374741201
0,0.0,1,0.0,0.0,0.0,0.0,0.0,0.0,0.0,0.0
0,0.0,481,0.0,0.0,0.0,0.0,0.0,0.0,0.0,0.002070393374741201
0,0.0,1,0.0,0.0,0.0,0.0,0.0,0.0,0.0,0.0
0,0.0,1,0.0,0.0,0.0,0.0,0.0,0.0,0.0,0.0
0,0.0,481,0.0,0.0,0.0,0.0,0.0,0.0,0.0,0.002070393374741201
0,0.0,1,0.0,0.0,0.0,0.0,0.0,0.0,0.0,0.3333333333333333
0,0.0,287,0.0,0.0,0.0,0.0,0.0,0.0,0.0,0.0034602076124567475
1,0.15231677694108572,1,1.0,0.0014084507042253522,1.0,1.0,1.0,1.0,1.0,0.3333333333333333
0,0.0,2,0.0,0.0,0.0,0.0,0.0,0.0,0.0,0.0
0,0.0,1,0.0,0.0,0.0,0.0,0.0,0.0,0.0,0.0
0,0.0,481,0.0,0.0,0.0,0.0,0.0,0.0,0.0,0.002070393374741201
0,0.0,481,0.0,0.0,0.0,0.0,0.0,0.0,0.0,0.002070393374741201
1,0.15048702938590383,962,0.002074688796680498,0.0013003901170351106,0.03224129401095805,0.5,0.002079002079002079,0.0010395010395010396,0.004140786749482402,0.022727272727272728
0,0.0,1,0.0,0.0,0.0,0.0,0.0,0.0,0.0,0.0
0,0.0,1,0.0,0.0,0.0,0.0,0.0,0.0,0.0,0.0
0,0.0,1,0.0,0.0,0.0,0.0,0.0,0.0,0.0,0.0
0,0.0,710,0.0,0.0,0.0,0.0,0.0,0.0,0.0,0.0014044943820224719
0,0.0,1,0.0,0.0,0.0,0.0,0.0,0.0,0.0,0.3333333333333333
0,0.0,481,0.0,0.0,0.0,0.0,0.0,0.0,0.0,0.002070393374741201
0,0.0,481,0.0,0.0,0.0,0.0,0.0,0.0,0.0,0.002070393374741201
0,0.0,1,0.0,0.0,0.0,0.0,0.0,0.0,0.0,0.0
0,0.0,481,0.0,0.0,0.0,0.0,0.0,0.0,0.0,0.002070393374741201
0,0.0,1,0.0,0.0,0.0,0.0,0.0,0.0,0.0,0.0
0,0.0,1,0.0,0.0,0.0,0.0,0.0,0.0,0.0,0.0
0,0.0,481,0.0,0.0,0.0,0.0,0.0,0.0,0.0,0.002070393374741201
0,0.0,287,0.0,0.0,0.0,0.0,0.0,0.0,0.0,0.0034602076124567475
0,0.0,710,0.0,0.0,0.0,0.0,0.0,0.0,0.0,0.0014044943820224719
0,0.0,481,0.0,0.0,0.0,0.0,0.0,0.0,0.0,0.002070393374741201
0,0.0,1,0.0,0.0,0.0,0.0,0.0,0.0,0.0,0.3333333333333333
0,0.0,481,0.0,0.0,0.0,0.0,0.0,0.0,0.0,0.002070393374741201
0,0.0,287,0.0,0.0,0.0,0.0,0.0,0.0,0.0,0.0034602076124567475
0,0.0,287,0.0,0.0,0.0,0.0,0.0,0.0,0.0,0.0034602076124567475
0,0.0,2,0.0,0.0,0.0,0.0,0.0,0.0,0.0,0.5
0,0.0,481,0.0,0.0,0.0,0.0,0.0,0.0,0.0,0.002070393374741201
0,0.0,1,0.0,0.0,0.0,0.0,0.0,0.0,0.0,0.0
0,0.0,481,0.0,0.0,0.0,0.0,0.0,0.0,0.0,0.002070393374741201
0,0.0,1,0.0,0.0,0.0,0.0,0.0,0.0,0.0,0.0
0,0.0,1,0.0,0.0,0.0,0.0,0.0,0.0,0.0,0.3333333333333333
0,0.0,710,0.0,0.0,0.0,0.0,0.0,0.0,0.0,0.0014044943820224719
0,0.0,1,0.0,0.0,0.0,0.0,0.0,0.0,0.0,0.0
0,0.0,287,0.0,0.0,0.0,0.0,0.0,0.0,0.0,0.0034602076124567475
0,0.0,481,0.0,0.0,0.0,0.0,0.0,0.0,0.0,0.002070393374741201
0,0.0,1,0.0,0.0,0.0,0.0,0.0,0.0,0.0,0.3333333333333333
0,0.0,481,0.0,0.0,0.0,0.0,0.0,0.0,0.0,0.002070393374741201
1,0.16192057831950055,1,1.0,0.002079002079002079,1.0,1.0,1.0,1.0,1.0,0.3333333333333333
0,0.0,710,0.0,0.0,0.0,0.0,0.0,0.0,0.0,0.0014044943820224719
0,0.0,1,0.0,0.0,0.0,0.0,0.0,0.0,0.0,0.3333333333333333
0,0.0,2,0.0,0.0,0.0,0.0,0.0,0.0,0.0,0.0
0,0.0,287,0.0,0.0,0.0,0.0,0.0,0.0,0.0,0.0034602076124567475
1,0.18524821412271236,962,0.002074688796680498,0.004524886877828055,0.03224129401095805,0.5,0.002079002079002079,0.0010395010395010396,0.004140786749482402,0.022727272727272728
0,0.0,481,0.0,0.0,0.0,0.0,0.0,0.0,0.0,0.002070393374741201
0,0.0,710,0.0,0.0,0.0,0.0,0.0,0.0,0.0,0.0014044943820224719
0,0.0,1,0.0,0.0,0.0,0.0,0.0,0.0,0.0,0.0
0,0.0,287,0.0,0.0,0.0,0.0,0.0,0.0,0.0,0.0034602076124567475
0,0.0,481,0.0,0.0,0.0,0.0,0.0,0.0,0.0,0.002070393374741201
0,0.0,481,0.0,0.0,0.0,0.0,0.0,0.0,0.0,0.002070393374741201
0,0.0,1,0.0,0.0,0.0,0.0,0.0,0.0,0.0,0.0
0,0.0,287,0.0,0.0,0.0,0.0,0.0,0.0,0.0,0.0034602076124567475
0,0.0,1,0.0,0.0,0.0,0.0,0.0,0.0,0.0,0.3333333333333333
0,0.0,481,0.0,0.0,0.0,0.0,0.0,0.0,0.0,0.002070393374741201
0,0.0,2,0.0,0.0,0.0,0.0,0.0,0.0,0.0,0.5
0,0.0,1,0.0,0.0,0.0,0.0,0.0,0.0,0.0,0.3333333333333333
0,0.0,287,0.0,0.0,0.0,0.0,0.0,0.0,0.0,0.0034602076124567475
0,0.0,1,0.0,0.0,0.0,0.0,0.0,0.0,0.0,0.0
1,0.15048702938590383,1,1.0,0.0013003901170351106,1.0,1.0,1.0,1.0,1.0,0.3333333333333333
0,0.0,481,0.0,0.0,0.0,0.0,0.0,0.0,0.0,0.002070393374741201
0,0.0,1,0.0,0.0,0.0,0.0,0.0,0.0,0.0,0.0
0,0.0,1,0.0,0.0,0.0,0.0,0.0,0.0,0.0,0.0
0,0.0,1,0.0,0.0,0.0,0.0,0.0,0.0,0.0,0.3333333333333333
0,0.0,2,0.0,0.0,0.0,0.0,0.0,0.0,0.0,0.0
0,0.0,1,0.0,0.0,0.0,0.0,0.0,0.0,0.0,0.0
0,0.0,481,0.0,0.0,0.0,0.0,0.0,0.0,0.0,0.002070393374741201
0,0.0,1,0.0,0.0,0.0,0.0,0.0,0.0,0.0,0.0
1,0.15231677694108572,1,1.0,0.0014084507042253522,1.0,1.0,1.0,1.0,1.0,0.3333333333333333
0,0.0,287,0.0,0.0,0.0,0.0,0.0,0.0,0.0,0.0034602076124567475
0,0.0,1,0.0,0.0,0.0,0.0,0.0,0.0,0.0,0.0
0,0.0,1,0.0,0.0,0.0,0.0,0.0,0.0,0.0,0.0
0,0.0,287,0.0,0.0,0.0,0.0,0.0,0.0,0.0,0.0034602076124567475
0,0.0,481,0.0,0.0,0.0,0.0,0.0,0.0,0.0,0.002070393374741201
0,0.0,1,0.0,0.0,0.0,0.0,0.0,0.0,0.0,0.0
0,0.0,481,0.0,0.0,0.0,0.0,0.0,0.0,0.0,0.002070393374741201
0,0.0,710,0.0,0.0,0.0,0.0,0.0,0.0,0.0,0.0014044943820224719
0,0.0,710,0.0,0.0,0.0,0.0,0.0,0.0,0.0,0.0014044943820224719
0,0.0,287,0.0,0.0,0.0,0.0,0.0,0.0,0.0,0.0034602076124567475
0,0.0,710,0.0,0.0,0.0,0.0,0.0,0.0,0.0,0.0014044943820224719
0,0.0,1,0.0,0.0,0.0,0.0,0.0,0.0,0.0,0.3333333333333333
0,0.0,481,0.0,0.0,0.0,0.0,0.0,0.0,0.0,0.002070393374741201
0,0.0,481,0.0,0.0,0.0,0.0,0.0,0.0,0.0,0.002070393374741201
0,0.0,710,0.0,0.0,0.0,0.0,0.0,0.0,0.0,0.0014044943820224719
0,0.0,287,0.0,0.0,0.0,0.0,0.0,0.0,0.0,0.0034602076124567475
0,0.0,481,0.0,0.0,0.0,0.0,0.0,0.0,0.0,0.002070393374741201
0,0.0,710,0.0,0.0,0.0,0.0,0.0,0.0,0.0,0.0014044943820224719
1,0.15231677694108572,1,1.0,0.0014084507042253522,1.0,1.0,1.0,1.0,1.0,0.3333333333333333
0,0.0,481,0.0,0.0,0.0,0.0,0.0,0.0,0.0,0.002070393374741201
0,0.0,1,0.0,0.0,0.0,0.0,0.0,0.0,0.0,0.0
0,0.0,481,0.0,0.0,0.0,0.0,0.0,0.0,0.0,0.002070393374741201
0,0.0,481,0.0,0.0,0.0,0.0,0.0,0.0,0.0,0.002070393374741201
0,0.0,481,0.0,0.0,0.0,0.0,0.0,0.0,0.0,0.002070393374741201
1,0.15231677694108572,1,1.0,0.0014084507042253522,1.0,1.0,1.0,1.0,1.0,0.3333333333333333
0,0.0,710,0.0,0.0,0.0,0.0,0.0,0.0,0.0,0.0014044943820224719
0,0.0,710,0.0,0.0,0.0,0.0,0.0,0.0,0.0,0.0014044943820224719
0,0.0,1,0.0,0.0,0.0,0.0,0.0,0.0,0.0,0.0
0,0.0,287,0.0,0.0,0.0,0.0,0.0,0.0,0.0,0.0034602076124567475
0,0.0,287,0.0,0.0,0.0,0.0,0.0,0.0,0.0,0.0034602076124567475
0,0.0,1,0.0,0.0,0.0,0.0,0.0,0.0,0.0,0.0
0,0.0,1,0.0,0.0,0.0,0.0,0.0,0.0,0.0,0.0
0,0.0,481,0.0,0.0,0.0,0.0,0.0,0.0,0.0,0.002070393374741201
0,0.0,710,0.0,0.0,0.0,0.0,0.0,0.0,0.0,0.0014044943820224719
0,0.0,1,0.0,0.0,0.0,0.0,0.0,0.0,0.0,0.0
1,0.15048702938590383,1,1.0,0.0013003901170351106,1.0,1.0,1.0,1.0,1.0,0.3333333333333333
0,0.0,1,0.0,0.0,0.0,0.0,0.0,0.0,0.0,0.0
0,0.0,1,0.0,0.0,0.0,0.0,0.0,0.0,0.0,0.0
0,0.0,2,0.0,0.0,0.0,0.0,0.0,0.0,0.0,0.0
0,0.0,481,0.0,0.0,0.0,0.0,0.0,0.0,0.0,0.002070393374741201
0,0.0,481,0.0,0.0,0.0,0.0,0.0,0.0,0.0,0.002070393374741201
0,0.0,710,0.0,0.0,0.0,0.0,0.0,0.0,0.0,0.0014044943820224719
0,0.0,287,0.0,0.0,0.0,0.0,0.0,0.0,0.0,0.0034602076124567475
0,0.0,287,0.0,0.0,0.0,0.0,0.0,0.0,0.0,0.0034602076124567475
0,0.0,710,0.0,0.0,0.0,0.0,0.0,0.0,0.0,0.0014044943820224719
0,0.0,1,0.0,0.0,0.0,0.0,0.0,0.0,0.0,0.0
0,0.0,1,0.0,0.0,0.0,0.0,0.0,0.0,0.0,0.0
0,0.0,287,0.0,0.0,0.0,0.0,0.0,0.0,0.0,0.0034602076124567475
0,0.0,481,0.0,0.0,0.0,0.0,0.0,0.0,0.0,0.002070393374741201
0,0.0,1,0.0,0.0,0.0,0.0,0.0,0.0,0.0,0.0
0,0.0,710,0.0,0.0,0.0,0.0,0.0,0.0,0.0,0.0014044943820224719
0,0.0,1,0.0,0.0,0.0,0.0,0.0,0.0,0.0,0.3333333333333333
0,0.0,1,0.0,0.0,0.0,0.0,0.0,0.0,0.0,0.3333333333333333
0,0.0,287,0.0,0.0,0.0,0.0,0.0,0.0,0.0,0.0034602076124567475
1,0.16192057831950055,2,0.5,0.002079002079002079,0.7071067811865475,1.0,0.5,0.5,0.6666666666666666,0.25
0,0.0,481,0.0,0.0,0.0,0.0,0.0,0.0,0.0,0.002070393374741201
0,0.0,1,0.0,0.0,0.0,0.0,0.0,0.0,0.0,0.0
0,0.0,481,0.0,0.0,0.0,0.0,0.0,0.0,0.0,0.002070393374741201
0,0.0,481,0.0,0.0,0.0,0.0,0.0,0.0,0.0,0.002070393374741201
1,0.15231677694108572,1,1.0,0.0014084507042253522,1.0,1.0,1.0,1.0,1.0,0.3333333333333333
0,0.0,1,0.0,0.0,0.0,0.0,0.0,0.0,0.0,0.0
1,0.15231677694108572,1,1.0,0.0014084507042253522,1.0,1.0,1.0,1.0,1.0,0.3333333333333333
0,0.0,287,0.0,0.0,0.0,0.0,0.0,0.0,0.0,0.0034602076124567475
1,0.15231677694108572,1,1.0,0.0014084507042253522,1.0,1.0,1.0,1.0,1.0,0.3333333333333333
0,0.0,481,0.0,0.0,0.0,0.0,0.0,0.0,0.0,0.002070393374741201
0,0.0,1,0.0,0.0,0.0,0.0,0.0,0.0,0.0,0.0
0,0.0,287,0.0,0.0,0.0,0.0,0.0,0.0,0.0,0.0034602076124567475
0,0.0,481,0.0,0.0,0.0,0.0,0.0,0.0,0.0,0.002070393374741201
0,0.0,481,0.0,0.0,0.0,0.0,0.0,0.0,0.0,0.002070393374741201
0,0.0,1,0.0,0.0,0.0,0.0,0.0,0.0,0.0,0.0
0,0.0,1,0.0,0.0,0.0,0.0,0.0,0.0,0.0,0.0
0,0.0,1,0.0,0.0,0.0,0.0,0.0,0.0,0.0,0.0
1,0.15231677694108572,1,1.0,0.0014084507042253522,1.0,1.0,1.0,1.0,1.0,0.3333333333333333
0,0.0,2,0.0,0.0,0.0,0.0,0.0,0.0,0.0,0.25
0,0.0,1,0.0,0.0,0.0,0.0,0.0,0.0,0.0,0.0
0,0.0,481,0.0,0.0,0.0,0.0,0.0,0.0,0.0,0.002070393374741201
0,0.0,481,0.0,0.0,0.0,0.0,0.0,0.0,0.0,0.002070393374741201
0,0.0,287,0.0,0.0,0.0,0.0,0.0,0.0,0.0,0.0034602076124567475
1,0.20265584813122056,1,1.0,0.007194244604316547,1.0,1.0,1.0,1.0,1.0,0.3333333333333333
0,0.0,1,0.0,0.0,0.0,0.0,0.0,0.0,0.0,0.0
0,0.0,710,0.0,0.0,0.0,0.0,0.0,0.0,0.0,0.0014044943820224719
0,0.0,1,0.0,0.0,0.0,0.0,0.0,0.0,0.0,0.3333333333333333
0,0.0,287,0.0,0.0,0.0,0.0,0.0,0.0,0.0,0.0034602076124567475
1,0.16192057831950055,1,1.0,0.002079002079002079,1.0,1.0,1.0,1.0,1.0,0.3333333333333333
0,0.0,1,0.0,0.0,0.0,0.0,0.0,0.0,0.0,0.0
0,0.0,2,0.0,0.0,0.0,0.0,0.0,0.0,0.0,0.0
0,0.0,481,0.0,0.0,0.0,0.0,0.0,0.0,0.0,0.002070393374741201
0,0.0,710,0.0,0.0,0.0,0.0,0.0,0.0,0.0,0.0014044943820224719
0,0.0,1,0.0,0.0,0.0,0.0,0.0,0.0,0.0,0.0
0,0.0,1,0.0,0.0,0.0,0.0,0.0,0.0,0.0,0.0
0,0.0,1,0.0,0.0,0.0,0.0,0.0,0.0,0.0,0.3333333333333333
0,0.0,1,0.0,0.0,0.0,0.0,0.0,0.0,0.0,0.3333333333333333
0,0.0,1,0.0,0.0,0.0,0.0,0.0,0.0,0.0,0.0
0,0.0,481,0.0,0.0,0.0,0.0,0.0,0.0,0.0,0.002070393374741201
0,0.0,287,0.0,0.0,0.0,0.0,0.0,0.0,0.0,0.0034602076124567475
1,0.15048702938590383,962,0.002074688796680498,0.0013003901170351106,0.03224129401095805,0.5,0.002079002079002079,0.0010395010395010396,0.004140786749482402,0.022727272727272728
0,0.0,1,0.0,0.0,0.0,0.0,0.0,0.0,0.0,0.0
0,0.0,481,0.0,0.0,0.0,0.0,0.0,0.0,0.0,0.002070393374741201
0,0.0,481,0.0,0.0,0.0,0.0,0.0,0.0,0.0,0.002070393374741201
1,0.16192057831950055,1,1.0,0.002079002079002079,1.0,1.0,1.0,1.0,1.0,0.3333333333333333
0,0.0,481,0.0,0.0,0.0,0.0,0.0,0.0,0.0,0.002070393374741201
0,0.0,1,0.0,0.0,0.0,0.0,0.0,0.0,0.0,0.0
0,0.0,481,0.0,0.0,0.0,0.0,0.0,0.0,0.0,0.002070393374741201
0,0.0,1,0.0,0.0,0.0,0.0,0.0,0.0,0.0,0.0
0,0.0,1,0.0,0.0,0.0,0.0,0.0,0.0,0.0,0.0
0,0.0,1,0.0,0.0,0.0,0.0,0.0,0.0,0.0,0.0
0,0.0,481,0.0,0.0,0.0,0.0,0.0,0.0,0.0,0.002070393374741201
0,0.0,1,0.0,0.0,0.0,0.0,0.0,0.0,0.0,0.0
0,0.0,481,0.0,0.0,0.0,0.0,0.0,0.0,0.0,0.002070393374741201
0,0.0,287,0.0,0.0,0.0,0.0,0.0,0.0,0.0,0.0034602076124567475
1,0.17669460948483234,1,1.0,0.003484320557491289,1.0,1.0,1.0,1.0,1.0,0.3333333333333333
0,0.0,1,0.0,0.0,0.0,0.0,0.0,0.0,0.0,0.0
0,0.0,710,0.0,0.0,0.0,0.0,0.0,0.0,0.0,0.0014044943820224719
0,0.0,481,0.0,0.0,0.0,0.0,0.0,0.0,0.0,0.002070393374741201
0,0.0,1,0.0,0.0,0.0,0.0,0.0,0.0,0.0,0.3333333333333333
0,0.0,710,0.0,0.0,0.0,0.0,0.0,0.0,0.0,0.0014044943820224719
0,0.0,1,0.0,0.0,0.0,0.0,0.0,0.0,0.0,0.3333333333333333
0,0.0,1,0.0,0.0,0.0,0.0,0.0,0.0,0.0,0.0
0,0.0,1,0.0,0.0,0.0,0.0,0.0,0.0,0.0,0.0
0,0.0,481,0.0,0.0,0.0,0.0,0.0,0.0,0.0,0.002070393374741201
0,0.0,710,0.0,0.0,0.0,0.0,0.0,0.0,0.0,0.0014044943820224719
0,0.0,2,0.0,0.0,0.0,0.0,0.0,0.0,0.0,0.0
0,0.0,2,0.0,0.0,0.0,0.0,0.0,0.0,0.0,0.0
1,0.15048702938590383,1,1.0,0.0013003901170351106,1.0,1.0,1.0,1.0,1.0,0.3333333333333333
0,0.0,481,0.0,0.0,0.0,0.0,0.0,0.0,0.0,0.002070393374741201
0,0.0,481,0.0,0.0,0.0,0.0,0.0,0.0,0.0,0.002070393374741201
0,0.0,1,0.0,0.0,0.0,0.0,0.0,0.0,0.0,0.0
0,0.0,481,0.0,0.0,0.0,0.0,0.0,0.0,0.0,0.002070393374741201
0,0.0,287,0.0,0.0,0.0,0.0,0.0,0.0,0.0,0.0034602076124567475
0,0.0,481,0.0,0.0,0.0,0.0,0.0,0.0,0.0,0.002070393374741201
0,0.0,170,0.0,0.0,0.0,0.0,0.0,0.0,0.0,0.0
0,0.0,481,0.0,0.0,0.0,0.0,0.0,0.0,0.0,0.002070393374741201
0,0.0,481,0.0,0.0,0.0,0.0,0.0,0.0,0.0,0.002070393374741201
0,0.0,287,0.0,0.0,0.0,0.0,0.0,0.0,0.0,0.0034602076124567475
0,0.0,287,0.0,0.0,0.0,0.0,0.0,0.0,0.0,0.0034602076124567475
0,0.0,287,0.0,0.0,0.0,0.0,0.0,0.0,0.0,0.0034602076124567475
0,0.0,287,0.0,0.0,0.0,0.0,0.0,0.0,0.0,0.0034602076124567475
0,0.0,2,0.0,0.0,0.0,0.0,0.0,0.0,0.0,0.0
0,0.0,481,0.0,0.0,0.0,0.0,0.0,0.0,0.0,0.002070393374741201
0,0.0,287,0.0,0.0,0.0,0.0,0.0,0.0,0.0,0.0034602076124567475
0,0.0,710,0.0,0.0,0.0,0.0,0.0,0.0,0.0,0.0014044943820224719
0,0.0,710,0.0,0.0,0.0,0.0,0.0,0.0,0.0,0.0014044943820224719
0,0.0,1,0.0,0.0,0.0,0.0,0.0,0.0,0.0,0.3333333333333333
0,0.0,1,0.0,0.0,0.0,0.0,0.0,0.0,0.0,0.3333333333333333
0,0.0,710,0.0,0.0,0.0,0.0,0.0,0.0,0.0,0.0014044943820224719
0,0.0,1,0.0,0.0,0.0,0.0,0.0,0.0,0.0,0.0
0,0.0,481,0.0,0.0,0.0,0.0,0.0,0.0,0.0,0.002070393374741201
0,0.0,1,0.0,0.0,0.0,0.0,0.0,0.0,0.0,0.0
0,0.0,710,0.0,0.0,0.0,0.0,0.0,0.0,0.0,0.0014044943820224719
0,0.0,1,0.0,0.0,0.0,0.0,0.0,0.0,0.0,0.0
0,0.0,287,0.0,0.0,0.0,0.0,0.0,0.0,0.0,0.0034602076124567475
0,0.0,1,0.0,0.0,0.0,0.0,0.0,0.0,0.0,0.0
0,0.0,481,0.0,0.0,0.0,0.0,0.0,0.0,0.0,0.002070393374741201
0,0.0,481,0.0,0.0,0.0,0.0,0.0,0.0,0.0,0.002070393374741201
0,0.0,481,0.0,0.0,0.0,0.0,0.0,0.0,0.0,0.002070393374741201
0,0.0,287,0.0,0.0,0.0,0.0,0.0,0.0,0.0,0.0034602076124567475
0,0.0,710,0.0,0.0,0.0,0.0,0.0,0.0,0.0,0.0014044943820224719
0,0.0,1,0.0,0.0,0.0,0.0,0.0,0.0,0.0,0.0
0,0.0,481,0.0,0.0,0.0,0.0,0.0,0.0,0.0,0.002070393374741201
0,0.0,1,0.0,0.0,0.0,0.0,0.0,0.0,0.0,0.3333333333333333
0,0.0,1,0.0,0.0,0.0,0.0,0.0,0.0,0.0,0.0
0,0.0,1,0.0,0.0,0.0,0.0,0.0,0.0,0.0,0.0
0,0.0,287,0.0,0.0,0.0,0.0,0.0,0.0,0.0,0.0034602076124567475
0,0.0,481,0.0,0.0,0.0,0.0,0.0,0.0,0.0,0.002070393374741201
0,0.0,481,0.0,0.0,0.0,0.0,0.0,0.0,0.0,0.002070393374741201
0,0.0,1,0.0,0.0,0.0,0.0,0.0,0.0,0.0,0.3333333333333333
0,0.0,710,0.0,0.0,0.0,0.0,0.0,0.0,0.0,0.0014044943820224719
0,0.0,481,0.0,0.0,0.0,0.0,0.0,0.0,0.0,0.002070393374741201
0,0.0,710,0.0,0.0,0.0,0.0,0.0,0.0,0.0,0.0014044943820224719
0,0.0,481,0.0,0.0,0.0,0.0,0.0,0.0,0.0,0.002070393374741201
0,0.0,1,0.0,0.0,0.0,0.0,0.0,0.0,0.0,0.0
0,0.0,481,0.0,0.0,0.0,0.0,0.0,0.0,0.0,0.002070393374741201
0,0.0,481,0.0,0.0,0.0,0.0,0.0,0.0,0.0,0.002070393374741201
0,0.0,287,0.0,0.0,0.0,0.0,0.0,0.0,0.0,0.0034602076124567475
0,0.0,710,0.0,0.0,0.0,0.0,0.0,0.0,0.0,0.0014044943820224719
0,0.0,1,0.0,0.0,0.0,0.0,0.0,0.0,0.0,0.0
0,0.0,710,0.0,0.0,0.0,0.0,0.0,0.0,0.0,0.0014044943820224719
0,0.0,1,0.0,0.0,0.0,0.0,0.0,0.0,0.0,0.3333333333333333
0,0.0,287,0.0,0.0,0.0,0.0,0.0,0.0,0.0,0.0034602076124567475
0,0.0,1,0.0,0.0,0.0,0.0,0.0,0.0,0.0,0.3333333333333333
0,0.0,481,0.0,0.0,0.0,0.0,0.0,0.0,0.0,0.002070393374741201
0,0.0,2,0.0,0.0,0.0,0.0,0.0,0.0,0.0,0.5
0,0.0,481,0.0,0.0,0.0,0.0,0.0,0.0,0.0,0.002070393374741201
0,0.0,1,0.0,0.0,0.0,0.0,0.0,0.0,0.0,0.0
0,0.0,287,0.0,0.0,0.0,0.0,0.0,0.0,0.0,0.0034602076124567475
0,0.0,1,0.0,0.0,0.0,0.0,0.0,0.0,0.0,0.0
1,0.15048702938590383,1,1.0,0.0013003901170351106,1.0,1.0,1.0,1.0,1.0,0.3333333333333333
0,0.0,1,0.0,0.0,0.0,0.0,0.0,0.0,0.0,0.0
0,0.0,710,0.0,0.0,0.0,0.0,0.0,0.0,0.0,0.0014044943820224719
0,0.0,287,0.0,0.0,0.0,0.0,0.0,0.0,0.0,0.0034602076124567475
0,0.0,1,0.0,0.0,0.0,0.0,0.0,0.0,0.0,0.0
0,0.0,1,0.0,0.0,0.0,0.0,0.0,0.0,0.0,0.3333333333333333
0,0.0,481,0.0,0.0,0.0,0.0,0.0,0.0,0.0,0.002070393374741201
0,0.0,1,0.0,0.0,0.0,0.0,0.0,0.0,0.0,0.0
0,0.0,481,0.0,0.0,0.0,0.0,0.0,0.0,0.0,0.002070393374741201
0,0.0,287,0.0,0.0,0.0,0.0,0.0,0.0,0.0,0.0034602076124567475
0,0.0,2,0.0,0.0,0.0,0.0,0.0,0.0,0.0,0.0
1,0.15048702938590383,1,1.0,0.0013003901170351106,1.0,1.0,1.0,1.0,1.0,0.3333333333333333
0,0.0,710,0.0,0.0,0.0,0.0,0.0,0.0,0.0,0.0014044943820224719
0,0.0,1,0.0,0.0,0.0,0.0,0.0,0.0,0.0,0.0
0,0.0,710,0.0,0.0,0.0,0.0,0.0,0.0,0.0,0.0014044943820224719
0,0.0,1,0.0,0.0,0.0,0.0,0.0,0.0,0.0,0.3333333333333333
0,0.0,1,0.0,0.0,0.0,0.0,0.0,0.0,0.0,0.0
0,0.0,2,0.0,0.0,0.0,0.0,0.0,0.0,0.0,0.0
0,0.0,2,0.0,0.0,0.0,0.0,0.0,0.0,0.0,0.5
0,0.0,287,0.0,0.0,0.0,0.0,0.0,0.0,0.0,0.0034602076124567475
0,0.0,1,0.0,0.0,0.0,0.0,0.0,0.0,0.0,0.3333333333333333
0,0.0,710,0.0,0.0,0.0,0.0,0.0,0.0,0.0,0.0014044943820224719
0,0.0,481,0.0,0.0,0.0,0.0,0.0,0.0,0.0,0.002070393374741201
1,0.15231677694108572,1,1.0,0.0014084507042253522,1.0,1.0,1.0,1.0,1.0,0.3333333333333333
0,0.0,1,0.0,0.0,0.0,0.0,0.0,0.0,0.0,0.3333333333333333
0,0.0,481,0.0,0.0,0.0,0.0,0.0,0.0,0.0,0.002070393374741201
0,0.0,1,0.0,0.0,0.0,0.0,0.0,0.0,0.0,0.0
0,0.0,1,0.0,0.0,0.0,0.0,0.0,0.0,0.0,0.0
0,0.0,1,0.0,0.0,0.0,0.0,0.0,0.0,0.0,0.0
0,0.0,481,0.0,0.0,0.0,0.0,0.0,0.0,0.0,0.002070393374741201
0,0.0,710,0.0,0.0,0.0,0.0,0.0,0.0,0.0,0.0014044943820224719
0,0.0,1,0.0,0.0,0.0,0.0,0.0,0.0,0.0,0.3333333333333333
0,0.0,481,0.0,0.0,0.0,0.0,0.0,0.0,0.0,0.002070393374741201
0,0.0,481,0.0,0.0,0.0,0.0,0.0,0.0,0.0,0.002070393374741201
0,0.0,1,0.0,0.0,0.0,0.0,0.0,0.0,0.0,0.0
0,0.0,1,0.0,0.0,0.0,0.0,0.0,0.0,0.0,0.3333333333333333
0,0.0,710,0.0,0.0,0.0,0.0,0.0,0.0,0.0,0.0014044943820224719
0,0.0,1,0.0,0.0,0.0,0.0,0.0,0.0,0.0,0.0
0,0.0,287,0.0,0.0,0.0,0.0,0.0,0.0,0.0,0.0034602076124567475
0,0.0,710,0.0,0.0,0.0,0.0,0.0,0.0,0.0,0.0014044943820224719
0,0.0,1,0.0,0.0,0.0,0.0,0.0,0.0,0.0,0.3333333333333333
0,0.0,710,0.0,0.0,0.0,0.0,0.0,0.0,0.0,0.0014044943820224719
0,0.0,1,0.0,0.0,0.0,0.0,0.0,0.0,0.0,0.0
0,0.0,481,0.0,0.0,0.0,0.0,0.0,0.0,0.0,0.002070393374741201
0,0.0,1,0.0,0.0,0.0,0.0,0.0,0.0,0.0,0.0
0,0.0,1,0.0,0.0,0.0,0.0,0.0,0.0,0.0,0.0
0,0.0,481,0.0,0.0,0.0,0.0,0.0,0.0,0.0,0.002070393374741201
0,0.0,1,0.0,0.0,0.0,0.0,0.0,0.0,0.0,0.0
0,0.0,481,0.0,0.0,0.0,0.0,0.0,0.0,0.0,0.002070393374741201
0,0.0,1,0.0,0.0,0.0,0.0,0.0,0.0,0.0,0.0
1,0.15231677694108572,1,1.0,0.0014084507042253522,1.0,1.0,1.0,1.0,1.0,0.3333333333333333
0,0.0,1,0.0,0.0,0.0,0.0,0.0,0.0,0.0,0.0
1,0.16192057831950055,1,1.0,0.002079002079002079,1.0,1.0,1.0,1.0,1.0,0.3333333333333333
0,0.0,287,0.0,0.0,0.0,0.0,0.0,0.0,0.0,0.0034602076124567475
0,0.0,481,0.0,0.0,0.0,0.0,0.0,0.0,0.0,0.002070393374741201
0,0.0,287,0.0,0.0,0.0,0.0,0.0,0.0,0.0,0.0034602076124567475
1,0.16192057831950055,1,1.0,0.002079002079002079,1.0,1.0,1.0,1.0,1.0,0.3333333333333333
0,0.0,1,0.0,0.0,0.0,0.0,0.0,0.0,0.0,0.0
0,0.0,287,0.0,0.0,0.0,0.0,0.0,0.0,0.0,0.0034602076124567475
0,0.0,1,0.0,0.0,0.0,0.0,0.0,0.0,0.0,0.0
0,0.0,481,0.0,0.0,0.0,0.0,0.0,0.0,0.0,0.002070393374741201
1,0.15231677694108572,1,1.0,0.0014084507042253522,1.0,1.0,1.0,1.0,1.0,0.3333333333333333
0,0.0,1,0.0,0.0,0.0,0.0,0.0,0.0,0.0,0.0
0,0.0,1,0.0,0.0,0.0,0.0,0.0,0.0,0.0,0.0
0,0.0,710,0.0,0.0,0.0,0.0,0.0,0.0,0.0,0.0014044943820224719
0,0.0,710,0.0,0.0,0.0,0.0,0.0,0.0,0.0,0.0014044943820224719
0,0.0,287,0.0,0.0,0.0,0.0,0.0,0.0,0.0,0.0034602076124567475
0,0.0,1,0.0,0.0,0.0,0.0,0.0,0.0,0.0,0.0
0,0.0,287,0.0,0.0,0.0,0.0,0.0,0.0,0.0,0.0034602076124567475
0,0.0,1,0.0,0.0,0.0,0.0,0.0,0.0,0.0,0.0
0,0.0,1,0.0,0.0,0.0,0.0,0.0,0.0,0.0,0.0
0,0.0,481,0.0,0.0,0.0,0.0,0.0,0.0,0.0,0.002070393374741201
0,0.0,710,0.0,0.0,0.0,0.0,0.0,0.0,0.0,0.0014044943820224719
0,0.0,1,0.0,0.0,0.0,0.0,0.0,0.0,0.0,0.0
0,0.0,1,0.0,0.0,0.0,0.0,0.0,0.0,0.0,0.0
0,0.0,481,0.0,0.0,0.0,0.0,0.0,0.0,0.0,0.002070393374741201
0,0.0,481,0.0,0.0,0.0,0.0,0.0,0.0,0.0,0.002070393374741201
0,0.0,1,0.0,0.0,0.0,0.0,0.0,0.0,0.0,0.0
1,0.20265584813122056,663,0.004484304932735426,0.007194244604316547,0.03883678186903087,0.3333333333333333,0.004524886877828055,0.0015082956259426848,0.008928571428571428,0.2088888888888889
0,0.0,1,0.0,0.0,0.0,0.0,0.0,0.0,0.0,0.0
1,0.16192057831950055,1,1.0,0.002079002079002079,1.0,1.0,1.0,1.0,1.0,0.3333333333333333
0,0.0,1,0.0,0.0,0.0,0.0,0.0,0.0,0.0,0.0
0,0.0,287,0.0,0.0,0.0,0.0,0.0,0.0,0.0,0.0034602076124567475
0,0.0,481,0.0,0.0,0.0,0.0,0.0,0.0,0.0,0.002070393374741201
1,0.15048702938590383,1,1.0,0.0013003901170351106,1.0,1.0,1.0,1.0,1.0,0.3333333333333333
0,0.0,1,0.0,0.0,0.0,0.0,0.0,0.0,0.0,0.0
0,0.0,481,0.0,0.0,0.0,0.0,0.0,0.0,0.0,0.002070393374741201
1,0.16192057831950055,1,1.0,0.002079002079002079,1.0,1.0,1.0,1.0,1.0,0.3333333333333333
0,0.0,481,0.0,0.0,0.0,0.0,0.0,0.0,0.0,0.002070393374741201
1,0.15231677694108572,1,1.0,0.0014084507042253522,1.0,1.0,1.0,1.0,1.0,0.3333333333333333
0,0.0,481,0.0,0.0,0.0,0.0,0.0,0.0,0.0,0.002070393374741201
0,0.0,287,0.0,0.0,0.0,0.0,0.0,0.0,0.0,0.0034602076124567475
1,0.18524821412271236,1,1.0,0.004524886877828055,1.0,1.0,1.0,1.0,1.0,0.3333333333333333
0,0.0,481,0.0,0.0,0.0,0.0,0.0,0.0,0.0,0.002070393374741201
1,0.15231677694108572,1,1.0,0.0014084507042253522,1.0,1.0,1.0,1.0,1.0,0.3333333333333333
0,0.0,2,0.0,0.0,0.0,0.0,0.0,0.0,0.0,0.0
0,0.0,1,0.0,0.0,0.0,0.0,0.0,0.0,0.0,0.0
0,0.0,1,0.0,0.0,0.0,0.0,0.0,0.0,0.0,0.3333333333333333
0,0.0,710,0.0,0.0,0.0,0.0,0.0,0.0,0.0,0.0014044943820224719
0,0.0,287,0.0,0.0,0.0,0.0,0.0,0.0,0.0,0.0034602076124567475
0,0.0,1,0.0,0.0,0.0,0.0,0.0,0.0,0.0,0.0
0,0.0,481,0.0,0.0,0.0,0.0,0.0,0.0,0.0,0.002070393374741201
0,0.0,1,0.0,0.0,0.0,0.0,0.0,0.0,0.0,0.0
0,0.0,287,0.0,0.0,0.0,0.0,0.0,0.0,0.0,0.0034602076124567475
0,0.0,2840,0.0,0.0,0.0,0.0,0.0,0.0,0.0,0.005594405594405594
2,0.3879040622539329,1443,0.004149377593360996,0.011719131482144603,0.05264981264926564,0.6666666666666666,0.004158004158004158,0.001386001386001386,0.008264462809917356,0.03711340206185567
0,0.0,2,0.0,0.0,0.0,0.0,0.0,0.0,0.0,0.0
0,0.0,710,0.0,0.0,0.0,0.0,0.0,0.0,0.0,0.0014044943820224719
0,0.0,287,0.0,0.0,0.0,0.0,0.0,0.0,0.0,0.0034602076124567475
0,0.0,481,0.0,0.0,0.0,0.0,0.0,0.0,0.0,0.002070393374741201
0,0.0,710,0.0,0.0,0.0,0.0,0.0,0.0,0.0,0.0014044943820224719
1,0.15231677694108572,1,1.0,0.0014084507042253522,1.0,1.0,1.0,1.0,1.0,0.3333333333333333
0,0.0,1,0.0,0.0,0.0,0.0,0.0,0.0,0.0,0.0
0,0.0,1,0.0,0.0,0.0,0.0,0.0,0.0,0.0,0.0
0,0.0,481,0.0,0.0,0.0,0.0,0.0,0.0,0.0,0.002070393374741201
0,0.0,481,0.0,0.0,0.0,0.0,0.0,0.0,0.0,0.002070393374741201
0,0.0,481,0.0,0.0,0.0,0.0,0.0,0.0,0.0,0.002070393374741201
0,0.0,481,0.0,0.0,0.0,0.0,0.0,0.0,0.0,0.002070393374741201
0,0.0,1,0.0,0.0,0.0,0.0,0.0,0.0,0.0,0.0
0,0.0,1,0.0,0.0,0.0,0.0,0.0,0.0,0.0,0.0
0,0.0,1,0.0,0.0,0.0,0.0,0.0,0.0,0.0,0.0
0,0.0,1,0.0,0.0,0.0,0.0,0.0,0.0,0.0,0.3333333333333333
0,0.0,1,0.0,0.0,0.0,0.0,0.0,0.0,0.0,0.0
0,0.0,481,0.0,0.0,0.0,0.0,0.0,0.0,0.0,0.002070393374741201
0,0.0,1,0.0,0.0,0.0,0.0,0.0,0.0,0.0,0.0
1,0.15048702938590383,1,1.0,0.0013003901170351106,1.0,1.0,1.0,1.0,1.0,0.3333333333333333
0,0.0,287,0.0,0.0,0.0,0.0,0.0,0.0,0.0,0.0034602076124567475
0,0.0,710,0.0,0.0,0.0,0.0,0.0,0.0,0.0,0.0014044943820224719
0,0.0,1,0.0,0.0,0.0,0.0,0.0,0.0,0.0,0.0
0,0.0,481,0.0,0.0,0.0,0.0,0.0,0.0,0.0,0.002070393374741201
0,0.0,287,0.0,0.0,0.0,0.0,0.0,0.0,0.0,0.0034602076124567475
0,0.0,710,0.0,0.0,0.0,0.0,0.0,0.0,0.0,0.0014044943820224719
0,0.0,287,0.0,0.0,0.0,0.0,0.0,0.0,0.0,0.0034602076124567475
0,0.0,710,0.0,0.0,0.0,0.0,0.0,0.0,0.0,0.0014044943820224719
0,0.0,1,0.0,0.0,0.0,0.0,0.0,0.0,0.0,0.0
0,0.0,481,0.0,0.0,0.0,0.0,0.0,0.0,0.0,0.002070393374741201
0,0.0,287,0.0,0.0,0.0,0.0,0.0,0.0,0.0,0.0034602076124567475
0,0.0,481,0.0,0.0,0.0,0.0,0.0,0.0,0.0,0.002070393374741201
0,0.0,1,0.0,0.0,0.0,0.0,0.0,0.0,0.0,0.0
0,0.0,481,0.0,0.0,0.0,0.0,0.0,0.0,0.0,0.002070393374741201
0,0.0,1,0.0,0.0,0.0,0.0,0.0,0.0,0.0,0.3333333333333333
0,0.0,1,0.0,0.0,0.0,0.0,0.0,0.0,0.0,0.0
0,0.0,287,0.0,0.0,0.0,0.0,0.0,0.0,0.0,0.0034602076124567475
1,0.15048702938590383,1,1.0,0.0013003901170351106,1.0,1.0,1.0,1.0,1.0,0.3333333333333333
0,0.0,481,0.0,0.0,0.0,0.0,0.0,0.0,0.0,0.002070393374741201
0,0.0,1,0.0,0.0,0.0,0.0,0.0,0.0,0.0,0.0
0,0.0,481,0.0,0.0,0.0,0.0,0.0,0.0,0.0,0.002070393374741201
0,0.0,481,0.0,0.0,0.0,0.0,0.0,0.0,0.0,0.002070393374741201
0,0.0,710,0.0,0.0,0.0,0.0,0.0,0.0,0.0,0.0014044943820224719
0,0.0,481,0.0,0.0,0.0,0.0,0.0,0.0,0.0,0.002070393374741201
0,0.0,287,0.0,0.0,0.0,0.0,0.0,0.0,0.0,0.0034602076124567475
0,0.0,1,0.0,0.0,0.0,0.0,0.0,0.0,0.0,0.0
0,0.0,287,0.0,0.0,0.0,0.0,0.0,0.0,0.0,0.0034602076124567475
0,0.0,1,0.0,0.0,0.0,0.0,0.0,0.0,0.0,0.3333333333333333
0,0.0,1,0.0,0.0,0.0,0.0,0.0,0.0,0.0,0.0
0,0.0,481,0.0,0.0,0.0,0.0,0.0,0.0,0.0,0.002070393374741201
0,0.0,1,0.0,0.0,0.0,0.0,0.0,0.0,0.0,0.0
0,0.0,1,0.0,0.0,0.0,0.0,0.0,0.0,0.0,0.0
0,0.0,1,0.0,0.0,0.0,0.0,0.0,0.0,0.0,0.0
0,0.0,710,0.0,0.0,0.0,0.0,0.0,0.0,0.0,0.0014044943820224719
0,0.0,481,0.0,0.0,0.0,0.0,0.0,0.0,0.0,0.002070393374741201
0,0.0,481,0.0,0.0,0.0,0.0,0.0,0.0,0.0,0.002070393374741201
1,0.15231677694108572,1,1.0,0.0014084507042253522,1.0,1.0,1.0,1.0,1.0,0.3333333333333333
0,0.0,481,0.0,0.0,0.0,0.0,0.0,0.0,0.0,0.002070393374741201
0,0.0,1,0.0,0.0,0.0,0.0,0.0,0.0,0.0,0.3333333333333333
0,0.0,481,0.0,0.0,0.0,0.0,0.0,0.0,0.0,0.002070393374741201
0,0.0,710,0.0,0.0,0.0,0.0,0.0,0.0,0.0,0.0014044943820224719
0,0.0,287,0.0,0.0,0.0,0.0,0.0,0.0,0.0,0.0034602076124567475
0,0.0,1,0.0,0.0,0.0,0.0,0.0,0.0,0.0,0.3333333333333333
0,0.0,1,0.0,0.0,0.0,0.0,0.0,0.0,0.0,0.0
0,0.0,1,0.0,0.0,0.0,0.0,0.0,0.0,0.0,0.0
0,0.0,1,0.0,0.0,0.0,0.0,0.0,0.0,0.0,0.0
0,0.0,1,0.0,0.0,0.0,0.0,0.0,0.0,0.0,0.0
0,0.0,1,0.0,0.0,0.0,0.0,0.0,0.0,0.0,0.0
0,0.0,1,0.0,0.0,0.0,0.0,0.0,0.0,0.0,0.0
0,0.0,1,0.0,0.0,0.0,0.0,0.0,0.0,0.0,0.0
0,0.0,1,0.0,0.0,0.0,0.0,0.0,0.0,0.0,0.3333333333333333
0,0.0,287,0.0,0.0,0.0,0.0,0.0,0.0,0.0,0.0034602076124567475
0,0.0,481,0.0,0.0,0.0,0.0,0.0,0.0,0.0,0.002070393374741201
0,0.0,1,0.0,0.0,0.0,0.0,0.0,0.0,0.0,0.3333333333333333
0,0.0,481,0.0,0.0,0.0,0.0,0.0,0.0,0.0,0.002070393374741201
0,0.0,1,0.0,0.0,0.0,0.0,0.0,0.0,0.0,0.0
0,0.0,1,0.0,0.0,0.0,0.0,0.0,0.0,0.0,0.0
0,0.0,1,0.0,0.0,0.0,0.0,0.0,0.0,0.0,0.0
0,0.0,710,0.0,0.0,0.0,0.0,0.0,0.0,0.0,0.0014044943820224719
0,0.0,710,0.0,0.0,0.0,0.0,0.0,0.0,0.0,0.0014044943820224719
0,0.0,287,0.0,0.0,0.0,0.0,0.0,0.0,0.0,0.0034602076124567475
0,0.0,1,0.0,0.0,0.0,0.0,0.0,0.0,0.0,0.0
0,0.0,1,0.0,0.0,0.0,0.0,0.0,0.0,0.0,0.0
0,0.0,710,0.0,0.0,0.0,0.0,0.0,0.0,0.0,0.0014044943820224719
0,0.0,1,0.0,0.0,0.0,0.0,0.0,0.0,0.0,0.0
0,0.0,710,0.0,0.0,0.0,0.0,0.0,0.0,0.0,0.0014044943820224719
1,0.15231677694108572,1,1.0,0.0014084507042253522,1.0,1.0,1.0,1.0,1.0,0.3333333333333333
1,0.16192057831950055,1,1.0,0.002079002079002079,1.0,1.0,1.0,1.0,1.0,0.3333333333333333
0,0.0,481,0.0,0.0,0.0,0.0,0.0,0.0,0.0,0.002070393374741201
0,0.0,710,0.0,0.0,0.0,0.0,0.0,0.0,0.0,0.0014044943820224719
0,0.0,710,0.0,0.0,0.0,0.0,0.0,0.0,0.0,0.0014044943820224719
1,0.15231677694108572,1,1.0,0.0014084507042253522,1.0,1.0,1.0,1.0,1.0,0.3333333333333333
0,0.0,710,0.0,0.0,0.0,0.0,0.0,0.0,0.0,0.0014044943820224719
0,0.0,1,0.0,0.0,0.0,0.0,0.0,0.0,0.0,0.3333333333333333
1,0.15048702938590383,1,1.0,0.0013003901170351106,1.0,1.0,1.0,1.0,1.0,0.3333333333333333
0,0.0,481,0.0,0.0,0.0,0.0,0.0,0.0,0.0,0.002070393374741201
0,0.0,481,0.0,0.0,0.0,0.0,0.0,0.0,0.0,0.002070393374741201
1,0.16192057831950055,2,0.5,0.002079002079002079,0.7071067811865475,1.0,0.5,0.5,0.6666666666666666,0.25
0,0.0,1,0.0,0.0,0.0,0.0,0.0,0.0,0.0,0.3333333333333333
0,0.0,481,0.0,0.0,0.0,0.0,0.0,0.0,0.0,0.002070393374741201
0,0.0,1,0.0,0.0,0.0,0.0,0.0,0.0,0.0,0.0
1,0.20265584813122056,2,0.5,0.007194244604316547,0.7071067811865475,1.0,0.5,0.5,0.6666666666666666,0.5
0,0.0,481,0.0,0.0,0.0,0.0,0.0,0.0,0.0,0.002070393374741201
0,0.0,481,0.0,0.0,0.0,0.0,0.0,0.0,0.0,0.002070393374741201
0,0.0,710,0.0,0.0,0.0,0.0,0.0,0.0,0.0,0.0014044943820224719
0,0.0,481,0.0,0.0,0.0,0.0,0.0,0.0,0.0,0.002070393374741201
0,0.0,481,0.0,0.0,0.0,0.0,0.0,0.0,0.0,0.002070393374741201
0,0.0,710,0.0,0.0,0.0,0.0,0.0,0.0,0.0,0.0014044943820224719
0,0.0,287,0.0,0.0,0.0,0.0,0.0,0.0,0.0,0.0034602076124567475
0,0.0,287,0.0,0.0,0.0,0.0,0.0,0.0,0.0,0.0034602076124567475
0,0.0,1,0.0,0.0,0.0,0.0,0.0,0.0,0.0,0.0
0,0.0,1,0.0,0.0,0.0,0.0,0.0,0.0,0.0,0.0
1,0.15231677694108572,1,1.0,0.0014084507042253522,1.0,1.0,1.0,1.0,1.0,0.3333333333333333
0,0.0,481,0.0,0.0,0.0,0.0,0.0,0.0,0.0,0.002070393374741201
0,0.0,481,0.0,0.0,0.0,0.0,0.0,0.0,0.0,0.002070393374741201
0,0.0,1,0.0,0.0,0.0,0.0,0.0,0.0,0.0,0.0
0,0.0,481,0.0,0.0,0.0,0.0,0.0,0.0,0.0,0.002070393374741201
0,0.0,481,0.0,0.0,0.0,0.0,0.0,0.0,0.0,0.002070393374741201
0,0.0,1,0.0,0.0,0.0,0.0,0.0,0.0,0.0,0.3333333333333333
1,0.15048702938590383,1,1.0,0.0013003901170351106,1.0,1.0,1.0,1.0,1.0,0.3333333333333333
0,0.0,287,0.0,0.0,0.0,0.0,0.0,0.0,0.0,0.0034602076124567475
0,0.0,481,0.0,0.0,0.0,0.0,0.0,0.0,0.0,0.002070393374741201
0,0.0,1,0.0,0.0,0.0,0.0,0.0,0.0,0.0,0.0
0,0.0,1,0.0,0.0,0.0,0.0,0.0,0.0,0.0,0.0
0,0.0,481,0.0,0.0,0.0,0.0,0.0,0.0,0.0,0.002070393374741201
0,0.0,287,0.0,0.0,0.0,0.0,0.0,0.0,0.0,0.0034602076124567475
0,0.0,481,0.0,0.0,0.0,0.0,0.0,0.0,0.0,0.002070393374741201
0,0.0,481,0.0,0.0,0.0,0.0,0.0,0.0,0.0,0.002070393374741201
0,0.0,710,0.0,0.0,0.0,0.0,0.0,0.0,0.0,0.0014044943820224719
0,0.0,481,0.0,0.0,0.0,0.0,0.0,0.0,0.0,0.002070393374741201
0,0.0,442,0.0,0.0,0.0,0.0,0.0,0.0,0.0,0.017857142857142856
0,0.0,1,0.0,0.0,0.0,0.0,0.0,0.0,0.0,0.0
0,0.0,287,0.0,0.0,0.0,0.0,0.0,0.0,0.0,0.0034602076124567475
0,0.0,1,0.0,0.0,0.0,0.0,0.0,0.0,0.0,0.0
0,0.0,1,0.0,0.0,0.0,0.0,0.0,0.0,0.0,0.0
0,0.0,710,0.0,0.0,0.0,0.0,0.0,0.0,0.0,0.0014044943820224719
0,0.0,481,0.0,0.0,0.0,0.0,0.0,0.0,0.0,0.002070393374741201
0,0.0,481,0.0,0.0,0.0,0.0,0.0,0.0,0.0,0.002070393374741201
0,0.0,710,0.0,0.0,0.0,0.0,0.0,0.0,0.0,0.0014044943820224719
0,0.0,1,0.0,0.0,0.0,0.0,0.0,0.0,0.0,0.0
0,0.0,481,0.0,0.0,0.0,0.0,0.0,0.0,0.0,0.002070393374741201
0,0.0,1,0.0,0.0,0.0,0.0,0.0,0.0,0.0,0.0
1,0.15048702938590383,1,1.0,0.0013003901170351106,1.0,1.0,1.0,1.0,1.0,0.3333333333333333
0,0.0,1,0.0,0.0,0.0,0.0,0.0,0.0,0.0,0.3333333333333333
0,0.0,1,0.0,0.0,0.0,0.0,0.0,0.0,0.0,0.0
0,0.0,481,0.0,0.0,0.0,0.0,0.0,0.0,0.0,0.002070393374741201
0,0.0,710,0.0,0.0,0.0,0.0,0.0,0.0,0.0,0.0014044943820224719
0,0.0,1,0.0,0.0,0.0,0.0,0.0,0.0,0.0,0.3333333333333333
0,0.0,1,0.0,0.0,0.0,0.0,0.0,0.0,0.0,0.0
0,0.0,481,0.0,0.0,0.0,0.0,0.0,0.0,0.0,0.002070393374741201
0,0.0,481,0.0,0.0,0.0,0.0,0.0,0.0,0.0,0.002070393374741201
0,0.0,1,0.0,0.0,0.0,0.0,0.0,0.0,0.0,0.3333333333333333
0,0.0,710,0.0,0.0,0.0,0.0,0.0,0.0,0.0,0.0014044943820224719
0,0.0,287,0.0,0.0,0.0,0.0,0.0,0.0,0.0,0.0034602076124567475
0,0.0,481,0.0,0.0,0.0,0.0,0.0,0.0,0.0,0.002070393374741201
0,0.0,481,0.0,0.0,0.0,0.0,0.0,0.0,0.0,0.002070393374741201
0,0.0,481,0.0,0.0,0.0,0.0,0.0,0.0,0.0,0.002070393374741201
1,0.18524821412271236,962,0.002074688796680498,0.004524886877828055,0.03224129401095805,0.5,0.002079002079002079,0.0010395010395010396,0.004140786749482402,0.022727272727272728
0,0.0,710,0.0,0.0,0.0,0.0,0.0,0.0,0.0,0.0014044943820224719
0,0.0,481,0.0,0.0,0.0,0.0,0.0,0.0,0.0,0.002070393374741201
0,0.0,1,0.0,0.0,0.0,0.0,0.0,0.0,0.0,0.0
0,0.0,481,0.0,0.0,0.0,0.0,0.0,0.0,0.0,0.002070393374741201
0,0.0,1,0.0,0.0,0.0,0.0,0.0,0.0,0.0,0.0
0,0.0,1,0.0,0.0,0.0,0.0,0.0,0.0,0.0,0.0
0,0.0,1,0.0,0.0,0.0,0.0,0.0,0.0,0.0,0.3333333333333333
0,0.0,481,0.0,0.0,0.0,0.0,0.0,0.0,0.0,0.002070393374741201
1,0.15048702938590383,1,1.0,0.0013003901170351106,1.0,1.0,1.0,1.0,1.0,0.3333333333333333
0,0.0,481,0.0,0.0,0.0,0.0,0.0,0.0,0.0,0.002070393374741201
7,6.333811790043278,66859,0.011419249592169658,2.1711915535444946,0.027071860389931753,0.050359712230215826,0.014553014553014554,0.00010469794642456513,0.02258064516129032,0.0966183574879227
0,0.0,287,0.0,0.0,0.0,0.0,0.0,0.0,0.0,0.0034602076124567475
0,0.0,287,0.0,0.0,0.0,0.0,0.0,0.0,0.0,0.0034602076124567475
0,0.0,1,0.0,0.0,0.0,0.0,0.0,0.0,0.0,0.0
0,0.0,481,0.0,0.0,0.0,0.0,0.0,0.0,0.0,0.002070393374741201
0,0.0,710,0.0,0.0,0.0,0.0,0.0,0.0,0.0,0.0014044943820224719
0,0.0,1,0.0,0.0,0.0,0.0,0.0,0.0,0.0,0.0
0,0.0,287,0.0,0.0,0.0,0.0,0.0,0.0,0.0,0.0034602076124567475
0,0.0,1,0.0,0.0,0.0,0.0,0.0,0.0,0.0,0.0
0,0.0,710,0.0,0.0,0.0,0.0,0.0,0.0,0.0,0.0014044943820224719
0,0.0,710,0.0,0.0,0.0,0.0,0.0,0.0,0.0,0.0014044943820224719
0,0.0,1,0.0,0.0,0.0,0.0,0.0,0.0,0.0,0.0
0,0.0,481,0.0,0.0,0.0,0.0,0.0,0.0,0.0,0.002070393374741201
0,0.0,1,0.0,0.0,0.0,0.0,0.0,0.0,0.0,0.3333333333333333
0,0.0,287,0.0,0.0,0.0,0.0,0.0,0.0,0.0,0.0034602076124567475
0,0.0,481,0.0,0.0,0.0,0.0,0.0,0.0,0.0,0.002070393374741201
0,0.0,1,0.0,0.0,0.0,0.0,0.0,0.0,0.0,0.3333333333333333
0,0.0,287,0.0,0.0,0.0,0.0,0.0,0.0,0.0,0.0034602076124567475
0,0.0,1,0.0,0.0,0.0,0.0,0.0,0.0,0.0,0.0
0,0.0,710,0.0,0.0,0.0,0.0,0.0,0.0,0.0,0.0014044943820224719
1,0.15048702938590383,1,1.0,0.0013003901170351106,1.0,1.0,1.0,1.0,1.0,0.3333333333333333
0,0.0,1,0.0,0.0,0.0,0.0,0.0,0.0,0.0,0.0
0,0.0,1,0.0,0.0,0.0,0.0,0.0,0.0,0.0,0.3333333333333333
0,0.0,287,0.0,0.0,0.0,0.0,0.0,0.0,0.0,0.0034602076124567475
0,0.0,481,0.0,0.0,0.0,0.0,0.0,0.0,0.0,0.002070393374741201
0,0.0,481,0.0,0.0,0.0,0.0,0.0,0.0,0.0,0.002070393374741201
0,0.0,287,0.0,0.0,0.0,0.0,0.0,0.0,0.0,0.0034602076124567475
0,0.0,1,0.0,0.0,0.0,0.0,0.0,0.0,0.0,0.0
0,0.0,1,0.0,0.0,0.0,0.0,0.0,0.0,0.0,0.3333333333333333
0,0.0,287,0.0,0.0,0.0,0.0,0.0,0.0,0.0,0.0034602076124567475
0,0.0,481,0.0,0.0,0.0,0.0,0.0,0.0,0.0,0.002070393374741201
0,0.0,287,0.0,0.0,0.0,0.0,0.0,0.0,0.0,0.0034602076124567475
0,0.0,442,0.0,0.0,0.0,0.0,0.0,0.0,0.0,0.017857142857142856
0,0.0,481,0.0,0.0,0.0,0.0,0.0,0.0,0.0,0.002070393374741201
1,0.15048702938590383,1,1.0,0.0013003901170351106,1.0,1.0,1.0,1.0,1.0,0.3333333333333333
1,0.15048702938590383,1,1.0,0.0013003901170351106,1.0,1.0,1.0,1.0,1.0,0.3333333333333333
0,0.0,481,0.0,0.0,0.0,0.0,0.0,0.0,0.0,0.002070393374741201
0,0.0,481,0.0,0.0,0.0,0.0,0.0,0.0,0.0,0.002070393374741201
0,0.0,1,0.0,0.0,0.0,0.0,0.0,0.0,0.0,0.0
0,0.0,1,0.0,0.0,0.0,0.0,0.0,0.0,0.0,0.0
0,0.0,1,0.0,0.0,0.0,0.0,0.0,0.0,0.0,0.3333333333333333
0,0.0,1,0.0,0.0,0.0,0.0,0.0,0.0,0.0,0.0
0,0.0,481,0.0,0.0,0.0,0.0,0.0,0.0,0.0,0.002070393374741201
0,0.0,481,0.0,0.0,0.0,0.0,0.0,0.0,0.0,0.002070393374741201
0,0.0,2,0.0,0.0,0.0,0.0,0.0,0.0,0.0,0.0
0,0.0,287,0.0,0.0,0.0,0.0,0.0,0.0,0.0,0.0034602076124567475
0,0.0,710,0.0,0.0,0.0,0.0,0.0,0.0,0.0,0.0014044943820224719
0,0.0,287,0.0,0.0,0.0,0.0,0.0,0.0,0.0,0.0034602076124567475
0,0.0,481,0.0,0.0,0.0,0.0,0.0,0.0,0.0,0.002070393374741201
0,0.0,1,0.0,0.0,0.0,0.0,0.0,0.0,0.0,0.0
0,0.0,1,0.0,0.0,0.0,0.0,0.0,0.0,0.0,0.3333333333333333
0,0.0,481,0.0,0.0,0.0,0.0,0.0,0.0,0.0,0.002070393374741201
0,0.0,1,0.0,0.0,0.0,0.0,0.0,0.0,0.0,0.0
1,0.15048702938590383,962,0.002074688796680498,0.0013003901170351106,0.03224129401095805,0.5,0.002079002079002079,0.0010395010395010396,0.004140786749482402,0.022727272727272728
0,0.0,1,0.0,0.0,0.0,0.0,0.0,0.0,0.0,0.3333333333333333
0,0.0,1,0.0,0.0,0.0,0.0,0.0,0.0,0.0,0.0
0,0.0,287,0.0,0.0,0.0,0.0,0.0,0.0,0.0,0.0034602076124567475
0,0.0,287,0.0,0.0,0.0,0.0,0.0,0.0,0.0,0.0034602076124567475
0,0.0,1,0.0,0.0,0.0,0.0,0.0,0.0,0.0,0.3333333333333333
0,0.0,481,0.0,0.0,0.0,0.0,0.0,0.0,0.0,0.002070393374741201
1,0.17669460948483234,1,1.0,0.003484320557491289,1.0,1.0,1.0,1.0,1.0,0.3333333333333333
0,0.0,481,0.0,0.0,0.0,0.0,0.0,0.0,0.0,0.002070393374741201
0,0.0,481,0.0,0.0,0.0,0.0,0.0,0.0,0.0,0.002070393374741201
0,0.0,2,0.0,0.0,0.0,0.0,0.0,0.0,0.0,0.0
0,0.0,287,0.0,0.0,0.0,0.0,0.0,0.0,0.0,0.0034602076124567475
1,0.18524821412271236,1,1.0,0.004524886877828055,1.0,1.0,1.0,1.0,1.0,0.3333333333333333
0,0.0,287,0.0,0.0,0.0,0.0,0.0,0.0,0.0,0.0034602076124567475
0,0.0,710,0.0,0.0,0.0,0.0,0.0,0.0,0.0,0.0014044943820224719
0,0.0,1,0.0,0.0,0.0,0.0,0.0,0.0,0.0,0.0
0,0.0,1,0.0,0.0,0.0,0.0,0.0,0.0,0.0,0.0
1,0.15048702938590383,962,0.002074688796680498,0.0013003901170351106,0.03224129401095805,0.5,0.002079002079002079,0.0010395010395010396,0.004140786749482402,0.022727272727272728
0,0.0,1,0.0,0.0,0.0,0.0,0.0,0.0,0.0,0.0
0,0.0,710,0.0,0.0,0.0,0.0,0.0,0.0,0.0,0.0014044943820224719
0,0.0,481,0.0,0.0,0.0,0.0,0.0,0.0,0.0,0.002070393374741201
0,0.0,287,0.0,0.0,0.0,0.0,0.0,0.0,0.0,0.0034602076124567475
